date,usd_eur,usd_gbp,usd_jpy,usd_cad,ib_detected,ib_net_pct,ib_cycle,ib_legs,ib_gross_mult,ib_gross_pct,ib_gross_cycle,rt_detected,rt_net_pct,rt_cycle,rt_legs,rt_gross_mult,rt_gross_pct,rt_gross_cycle,eur_usd_vol_5d,ib_fee_drag_pct,best_3leg_gross,best_3leg_cycle,best_3leg_gross_pct,best_4leg_gross,best_4leg_cycle,best_4leg_gross_pct,data_source,graph_type,fee_ib_pct,fee_rt_pct,market_efficiency_note,float64_noise_gross_pct
2023-01-02,0.93373,0.82506,130.845001,1.35281,False,0.0,,0,1.0,0.0,GBP -> EUR -> CAD -> GBP,False,0.0,,0,1.0,0.0,GBP -> EUR -> CAD -> GBP,,0.0,1.0000000000000002,GBP->USD->JPY->GBP,2.220446049250313e-14,1.0000000000000002,EUR->JPY->GBP->USD->EUR,2.220446049250313e-14,Yahoo Finance daily closing rates,"Directed, 5-node, fully connected (20 edges/day)",0.02,0.1,Daily closing FX rates are mid-market consensus prices — triangularly consistent by construction (no exploitable arb at EOD),2.220446049250313e-14
2023-01-03,0.93653,0.82899,130.794006,1.3559,False,0.0,,0,1.0,0.0,GBP -> CAD -> GBP,False,0.0,,0,1.0,0.0,GBP -> CAD -> GBP,,0.0,1.0000000000000002,USD->CAD->GBP->USD,2.220446049250313e-14,1.0000000000000002,USD->EUR->CAD->GBP->USD,2.220446049250313e-14,Yahoo Finance daily closing rates,"Directed, 5-node, fully connected (20 edges/day)",0.02,0.1,Daily closing FX rates are mid-market consensus prices — triangularly consistent by construction (no exploitable arb at EOD),2.220446049250313e-14
2023-01-04,0.94815,0.83544,131.248001,1.36741,False,0.0,,0,1.0,0.0,,False,0.0,,0,1.0,0.0,,,0.0,1.0000000000000002,EUR->USD->CAD->EUR,2.220446049250313e-14,1.0000000000000002,USD->CAD->GBP->EUR->USD,2.220446049250313e-14,Yahoo Finance daily closing rates,"Directed, 5-node, fully connected (20 edges/day)",0.02,0.1,Daily closing FX rates are mid-market consensus prices — triangularly consistent by construction (no exploitable arb at EOD),2.220446049250313e-14
2023-01-05,0.94283,0.82939,132.246002,1.34851,False,0.0,,0,1.0,0.0,CAD -> EUR -> JPY -> CAD,False,0.0,,0,1.0,0.0,CAD -> EUR -> JPY -> CAD,,0.0,1.0000000000000002,EUR->USD->CAD->EUR,2.220446049250313e-14,1.0000000000000002,EUR->USD->JPY->CAD->EUR,2.220446049250313e-14,Yahoo Finance daily closing rates,"Directed, 5-node, fully connected (20 edges/day)",0.02,0.1,Daily closing FX rates are mid-market consensus prices — triangularly consistent by construction (no exploitable arb at EOD),2.220446049250313e-14
2023-01-06,0.95037,0.83947,133.307007,1.35599,False,0.0,,0,1.0,0.0,EUR -> USD -> GBP -> EUR,False,0.0,,0,1.0,0.0,EUR -> USD -> GBP -> EUR,,0.0,1.0000000000000002,GBP->JPY->CAD->GBP,2.220446049250313e-14,1.0000000000000002,GBP->JPY->USD->CAD->GBP,2.220446049250313e-14,Yahoo Finance daily closing rates,"Directed, 5-node, fully connected (20 edges/day)",0.02,0.1,Daily closing FX rates are mid-market consensus prices — triangularly consistent by construction (no exploitable arb at EOD),2.220446049250313e-14
2023-01-09,0.93841,0.82533,131.862,1.34352,False,0.0,,0,1.0,0.0,,False,0.0,,0,1.0,0.0,,16.101459116304383,0.0,1.0000000000000002,GBP->EUR->CAD->GBP,2.220446049250313e-14,1.0000000000000002,GBP->USD->EUR->CAD->GBP,2.220446049250313e-14,Yahoo Finance daily closing rates,"Directed, 5-node, fully connected (20 edges/day)",0.02,0.1,Daily closing FX rates are mid-market consensus prices — triangularly consistent by construction (no exploitable arb at EOD),2.220446049250313e-14
2023-01-10,0.93169,0.82069,131.729004,1.33937,False,0.0,,0,1.0,0.0,GBP -> CAD -> GBP,False,0.0,,0,1.0,0.0,GBP -> CAD -> GBP,16.90902802449844,0.0,1.0000000000000002,EUR->JPY->GBP->EUR,2.220446049250313e-14,1.0000000000000002,EUR->USD->JPY->GBP->EUR,2.220446049250313e-14,Yahoo Finance daily closing rates,"Directed, 5-node, fully connected (20 edges/day)",0.02,0.1,Daily closing FX rates are mid-market consensus prices — triangularly consistent by construction (no exploitable arb at EOD),2.220446049250313e-14
2023-01-11,0.93119,0.82274,132.100998,1.34329,False,0.0,,0,1.0,0.0,,False,0.0,,0,1.0,0.0,,12.354551509852756,0.0,1.0000000000000002,USD->CAD->EUR->USD,2.220446049250313e-14,1.0000000000000002,USD->GBP->CAD->EUR->USD,2.220446049250313e-14,Yahoo Finance daily closing rates,"Directed, 5-node, fully connected (20 edges/day)",0.02,0.1,Daily closing FX rates are mid-market consensus prices — triangularly consistent by construction (no exploitable arb at EOD),2.220446049250313e-14
2023-01-12,0.92885,0.8224,131.901993,1.343,False,0.0,,0,1.0,0.0,,False,0.0,,0,1.0,0.0,,12.231387308153478,0.0,1.0000000000000002,EUR->GBP->USD->EUR,2.220446049250313e-14,1.0000000000000002,EUR->USD->JPY->CAD->EUR,2.220446049250313e-14,Yahoo Finance daily closing rates,"Directed, 5-node, fully connected (20 edges/day)",0.02,0.1,Daily closing FX rates are mid-market consensus prices — triangularly consistent by construction (no exploitable arb at EOD),2.220446049250313e-14
2023-01-13,0.92079,0.81848,129.171997,1.3376,False,0.0,,0,1.0,0.0,,False,0.0,,0,1.0,0.0,,7.722240695488736,0.0,1.0000000000000002,USD->CAD->EUR->USD,2.220446049250313e-14,1.0000000000000002,USD->GBP->CAD->EUR->USD,2.220446049250313e-14,Yahoo Finance daily closing rates,"Directed, 5-node, fully connected (20 edges/day)",0.02,0.1,Daily closing FX rates are mid-market consensus prices — triangularly consistent by construction (no exploitable arb at EOD),2.220446049250313e-14
2023-01-16,0.92382,0.81788,128.026001,1.33962,False,0.0,,0,1.0,0.0,GBP -> CAD -> EUR -> GBP,False,0.0,,0,1.0,0.0,GBP -> CAD -> EUR -> GBP,7.77323597468502,0.0,1.0000000000000002,EUR->JPY->GBP->EUR,2.220446049250313e-14,1.0000000000000002,USD->GBP->EUR->JPY->USD,2.220446049250313e-14,Yahoo Finance daily closing rates,"Directed, 5-node, fully connected (20 edges/day)",0.02,0.1,Daily closing FX rates are mid-market consensus prices — triangularly consistent by construction (no exploitable arb at EOD),2.220446049250313e-14
2023-01-17,0.92335,0.81915,128.320999,1.33978,False,0.0,,0,1.0,0.0,,False,0.0,,0,1.0,0.0,,6.985507078706564,0.0,1.0000000000000002,GBP->EUR->JPY->GBP,2.220446049250313e-14,1.0000000000000002,GBP->USD->EUR->JPY->GBP,2.220446049250313e-14,Yahoo Finance daily closing rates,"Directed, 5-node, fully connected (20 edges/day)",0.02,0.1,Daily closing FX rates are mid-market consensus prices — triangularly consistent by construction (no exploitable arb at EOD),2.220446049250313e-14
2023-01-18,0.9265,0.81402,128.281006,1.339,False,0.0,,0,1.0,0.0,,False,0.0,,0,1.0,0.0,,7.930819377117104,0.0,1.0000000000000002,EUR->JPY->USD->EUR,2.220446049250313e-14,1.0000000000000002,EUR->GBP->JPY->USD->EUR,2.220446049250313e-14,Yahoo Finance daily closing rates,"Directed, 5-node, fully connected (20 edges/day)",0.02,0.1,Daily closing FX rates are mid-market consensus prices — triangularly consistent by construction (no exploitable arb at EOD),2.220446049250313e-14
2023-01-19,0.92611,0.80987,128.539001,1.34958,False,0.0,,0,1.0,0.0,EUR -> GBP -> USD -> CAD -> EUR,False,0.0,,0,1.0,0.0,EUR -> GBP -> USD -> CAD -> EUR,7.818824203462768,0.0,1.0000000000000002,EUR->GBP->USD->EUR,2.220446049250313e-14,1.0000000000000002,USD->CAD->EUR->GBP->USD,2.220446049250313e-14,Yahoo Finance daily closing rates,"Directed, 5-node, fully connected (20 edges/day)",0.02,0.1,Daily closing FX rates are mid-market consensus prices — triangularly consistent by construction (no exploitable arb at EOD),2.220446049250313e-14
2023-01-20,0.92303,0.80689,128.369995,1.34638,False,0.0,,0,1.0,0.0,,False,0.0,,0,1.0,0.0,,4.541919553861075,0.0,1.0000000000000002,JPY->USD->EUR->JPY,2.220446049250313e-14,1.0000000000000002,EUR->JPY->GBP->USD->EUR,2.220446049250313e-14,Yahoo Finance daily closing rates,"Directed, 5-node, fully connected (20 edges/day)",0.02,0.1,Daily closing FX rates are mid-market consensus prices — triangularly consistent by construction (no exploitable arb at EOD),2.220446049250313e-14
2023-01-23,0.92038,0.80604,129.354004,1.3371,False,0.0,,0,1.0,0.0,,False,0.0,,0,1.0,0.0,,4.245881841633877,0.0,1.0,USD->EUR->GBP->USD,0.0,1.0000000000000002,GBP->CAD->JPY->USD->GBP,2.220446049250313e-14,Yahoo Finance daily closing rates,"Directed, 5-node, fully connected (20 edges/day)",0.02,0.1,Daily closing FX rates are mid-market consensus prices — triangularly consistent by construction (no exploitable arb at EOD),0.0
2023-01-24,0.9196,0.80777,130.597,1.33701,False,0.0,,0,1.0,0.0,,False,0.0,,0,1.0,0.0,,4.240766095876937,0.0,1.0,USD->EUR->GBP->USD,0.0,1.0000000000000002,JPY->USD->GBP->CAD->JPY,2.220446049250313e-14,Yahoo Finance daily closing rates,"Directed, 5-node, fully connected (20 edges/day)",0.02,0.1,Daily closing FX rates are mid-market consensus prices — triangularly consistent by construction (no exploitable arb at EOD),0.0
2023-01-25,0.91843,0.81108,130.238998,1.33748,False,0.0,,0,1.0,0.0,CAD -> EUR -> GBP -> CAD,False,0.0,,0,1.0,0.0,CAD -> EUR -> GBP -> CAD,2.0350690796653303,0.0,1.0000000000000002,EUR->GBP->CAD->EUR,2.220446049250313e-14,1.0000000000000002,USD->GBP->EUR->JPY->USD,2.220446049250313e-14,Yahoo Finance daily closing rates,"Directed, 5-node, fully connected (20 edges/day)",0.02,0.1,Daily closing FX rates are mid-market consensus prices — triangularly consistent by construction (no exploitable arb at EOD),2.220446049250313e-14
2023-01-26,0.91558,0.80564,129.237,1.33802,False,0.0,,0,1.0,0.0,,False,0.0,,0,1.0,0.0,,1.8116304067923847,0.0,1.0000000000000002,JPY->CAD->GBP->JPY,2.220446049250313e-14,1.0000000000000002,EUR->USD->JPY->GBP->EUR,2.220446049250313e-14,Yahoo Finance daily closing rates,"Directed, 5-node, fully connected (20 edges/day)",0.02,0.1,Daily closing FX rates are mid-market consensus prices — triangularly consistent by construction (no exploitable arb at EOD),2.220446049250313e-14
2023-01-27,0.9179,0.80546,129.800003,1.33161,False,0.0,,0,1.0,0.0,CAD -> GBP -> CAD,False,0.0,,0,1.0,0.0,CAD -> GBP -> CAD,3.59000653730861,0.0,1.0000000000000002,USD->GBP->EUR->USD,2.220446049250313e-14,1.0000000000000002,USD->EUR->CAD->GBP->USD,2.220446049250313e-14,Yahoo Finance daily closing rates,"Directed, 5-node, fully connected (20 edges/day)",0.02,0.1,Daily closing FX rates are mid-market consensus prices — triangularly consistent by construction (no exploitable arb at EOD),2.220446049250313e-14
2023-01-30,0.91984,0.806432,129.854004,1.33032,False,0.0,,0,1.0,0.0,,False,0.0,,0,1.0,0.0,,3.7893288500963545,0.0,1.0000000000000002,EUR->JPY->CAD->EUR,2.220446049250313e-14,1.0000000000000002,EUR->USD->JPY->CAD->EUR,2.220446049250313e-14,Yahoo Finance daily closing rates,"Directed, 5-node, fully connected (20 edges/day)",0.02,0.1,Daily closing FX rates are mid-market consensus prices — triangularly consistent by construction (no exploitable arb at EOD),2.220446049250313e-14
2023-01-31,0.9216,0.80948,130.479004,1.33838,False,0.0,,0,1.0,0.0,JPY -> EUR -> USD -> JPY,False,0.0,,0,1.0,0.0,JPY -> EUR -> USD -> JPY,3.956879429360037,0.0,1.0000000000000002,EUR->USD->JPY->EUR,2.220446049250313e-14,1.0000000000000002,EUR->USD->GBP->JPY->EUR,2.220446049250313e-14,Yahoo Finance daily closing rates,"Directed, 5-node, fully connected (20 edges/day)",0.02,0.1,Daily closing FX rates are mid-market consensus prices — triangularly consistent by construction (no exploitable arb at EOD),2.220446049250313e-14
2023-02-01,0.92073,0.81242,130.110001,1.3306,False,0.0,,0,1.0,0.0,,False,0.0,,0,1.0,0.0,,3.8735285247461766,0.0,1.0000000000000002,EUR->GBP->JPY->EUR,2.220446049250313e-14,1.0000000000000002,EUR->GBP->JPY->USD->EUR,2.220446049250313e-14,Yahoo Finance daily closing rates,"Directed, 5-node, fully connected (20 edges/day)",0.02,0.1,Daily closing FX rates are mid-market consensus prices — triangularly consistent by construction (no exploitable arb at EOD),2.220446049250313e-14
2023-02-02,0.90803,0.8071,128.621994,1.3275,False,0.0,,0,1.0,0.0,,False,0.0,,0,1.0,0.0,,11.072715455417358,0.0,1.0000000000000002,GBP->JPY->USD->GBP,2.220446049250313e-14,1.0000000000000002,GBP->JPY->USD->EUR->GBP,2.220446049250313e-14,Yahoo Finance daily closing rates,"Directed, 5-node, fully connected (20 edges/day)",0.02,0.1,Daily closing FX rates are mid-market consensus prices — triangularly consistent by construction (no exploitable arb at EOD),2.220446049250313e-14
2023-02-03,0.917,0.81813,128.746002,1.33166,False,0.0,,0,1.0,0.0,,False,0.0,,0,1.0,0.0,,13.710028199597003,0.0,1.0000000000000002,USD->GBP->EUR->USD,2.220446049250313e-14,1.0000000000000002,USD->GBP->EUR->CAD->USD,2.220446049250313e-14,Yahoo Finance daily closing rates,"Directed, 5-node, fully connected (20 edges/day)",0.02,0.1,Daily closing FX rates are mid-market consensus prices — triangularly consistent by construction (no exploitable arb at EOD),2.220446049250313e-14
2023-02-06,0.92671,0.83021,132.009003,1.33997,False,0.0,,0,1.0,0.0,EUR -> CAD -> EUR,False,0.0,,0,1.0,0.0,EUR -> CAD -> EUR,15.754335533679132,0.0,1.0000000000000002,EUR->JPY->USD->EUR,2.220446049250313e-14,1.0000000000000002,EUR->USD->JPY->GBP->EUR,2.220446049250313e-14,Yahoo Finance daily closing rates,"Directed, 5-node, fully connected (20 edges/day)",0.02,0.1,Daily closing FX rates are mid-market consensus prices — triangularly consistent by construction (no exploitable arb at EOD),2.220446049250313e-14
2023-02-07,0.9319,0.83148,132.623001,1.3441,False,0.0,,0,1.0,0.0,,False,0.0,,0,1.0,0.0,,16.029941627386386,0.0,1.0000000000000002,EUR->GBP->USD->EUR,2.220446049250313e-14,1.0000000000000002,EUR->GBP->USD->JPY->EUR,2.220446049250313e-14,Yahoo Finance daily closing rates,"Directed, 5-node, fully connected (20 edges/day)",0.02,0.1,Daily closing FX rates are mid-market consensus prices — triangularly consistent by construction (no exploitable arb at EOD),2.220446049250313e-14
2023-02-08,0.93199,0.82956,131.042007,1.33901,False,0.0,,0,1.0,0.0,,False,0.0,,0,1.0,0.0,,15.916994004831942,0.0,1.0000000000000002,EUR->GBP->JPY->EUR,2.220446049250313e-14,1.0000000000000002,EUR->USD->GBP->JPY->EUR,2.220446049250313e-14,Yahoo Finance daily closing rates,"Directed, 5-node, fully connected (20 edges/day)",0.02,0.1,Daily closing FX rates are mid-market consensus prices — triangularly consistent by construction (no exploitable arb at EOD),2.220446049250313e-14
2023-02-09,0.9332,0.8284,131.386993,1.3445,False,0.0,,0,1.0,0.0,,False,0.0,,0,1.0,0.0,,7.569293223463087,0.0,1.0000000000000002,USD->CAD->GBP->USD,2.220446049250313e-14,1.0000000000000002,USD->EUR->CAD->GBP->USD,2.220446049250313e-14,Yahoo Finance daily closing rates,"Directed, 5-node, fully connected (20 edges/day)",0.02,0.1,Daily closing FX rates are mid-market consensus prices — triangularly consistent by construction (no exploitable arb at EOD),2.220446049250313e-14
2023-02-10,0.9309,0.8253,131.518997,1.34487,False,0.0,,0,1.0,0.0,,False,0.0,,0,1.0,0.0,,8.11986342973581,0.0,1.0000000000000002,USD->GBP->EUR->USD,2.220446049250313e-14,1.0000000000000004,EUR->JPY->CAD->GBP->EUR,4.440892098500626e-14,Yahoo Finance daily closing rates,"Directed, 5-node, fully connected (20 edges/day)",0.02,0.1,Daily closing FX rates are mid-market consensus prices — triangularly consistent by construction (no exploitable arb at EOD),2.220446049250313e-14
2023-02-13,0.93653,0.82972,131.550995,1.33574,False,0.0,,0,1.0,0.0,,False,0.0,,0,1.0,0.0,,5.784278191588834,0.0,1.0000000000000002,EUR->CAD->USD->EUR,2.220446049250313e-14,1.0000000000000002,EUR->GBP->CAD->USD->EUR,2.220446049250313e-14,Yahoo Finance daily closing rates,"Directed, 5-node, fully connected (20 edges/day)",0.02,0.1,Daily closing FX rates are mid-market consensus prices — triangularly consistent by construction (no exploitable arb at EOD),2.220446049250313e-14
2023-02-14,0.93193,0.8229,132.337006,1.33331,False,0.0,,0,1.0,0.0,,False,0.0,,0,1.0,0.0,,6.5636573552111015,0.0,1.0000000000000002,EUR->JPY->USD->EUR,2.220446049250313e-14,1.0000000000000002,EUR->GBP->JPY->USD->EUR,2.220446049250313e-14,Yahoo Finance daily closing rates,"Directed, 5-node, fully connected (20 edges/day)",0.02,0.1,Daily closing FX rates are mid-market consensus prices — triangularly consistent by construction (no exploitable arb at EOD),2.220446049250313e-14
2023-02-15,0.93147,0.8214,132.990997,1.33406,False,0.0,,0,1.0,0.0,USD -> GBP -> EUR -> CAD -> USD,False,0.0,,0,1.0,0.0,USD -> GBP -> EUR -> CAD -> USD,6.5719233080515655,0.0,1.0000000000000002,EUR->USD->CAD->EUR,2.220446049250313e-14,1.0000000000000002,EUR->USD->JPY->CAD->EUR,2.220446049250313e-14,Yahoo Finance daily closing rates,"Directed, 5-node, fully connected (20 edges/day)",0.02,0.1,Daily closing FX rates are mid-market consensus prices — triangularly consistent by construction (no exploitable arb at EOD),2.220446049250313e-14
2023-02-16,0.9353,0.83058,133.903,1.33906,False,0.0,,0,1.0,0.0,CAD -> GBP -> USD -> CAD,False,0.0,,0,1.0,0.0,CAD -> GBP -> USD -> CAD,7.220794657182738,0.0,1.0000000000000002,CAD->GBP->USD->CAD,2.220446049250313e-14,1.0000000000000002,GBP->USD->EUR->CAD->GBP,2.220446049250313e-14,Yahoo Finance daily closing rates,"Directed, 5-node, fully connected (20 edges/day)",0.02,0.1,Daily closing FX rates are mid-market consensus prices — triangularly consistent by construction (no exploitable arb at EOD),2.220446049250313e-14
2023-02-17,0.93758,0.83505,134.074005,1.3473,False,0.0,,0,1.0,0.0,CAD -> USD -> GBP -> CAD,False,0.0,,0,1.0,0.0,CAD -> USD -> GBP -> CAD,6.799482502195973,0.0,1.0000000000000002,USD->GBP->EUR->USD,2.220446049250313e-14,1.0000000000000002,USD->JPY->GBP->EUR->USD,2.220446049250313e-14,Yahoo Finance daily closing rates,"Directed, 5-node, fully connected (20 edges/day)",0.02,0.1,Daily closing FX rates are mid-market consensus prices — triangularly consistent by construction (no exploitable arb at EOD),2.220446049250313e-14
2023-02-20,0.93594,0.83127,134.307007,1.3482,False,0.0,,0,1.0,0.0,,False,0.0,,0,1.0,0.0,,5.6258927273542065,0.0,1.0000000000000002,EUR->GBP->JPY->EUR,2.220446049250313e-14,1.0000000000000002,EUR->GBP->JPY->USD->EUR,2.220446049250313e-14,Yahoo Finance daily closing rates,"Directed, 5-node, fully connected (20 edges/day)",0.02,0.1,Daily closing FX rates are mid-market consensus prices — triangularly consistent by construction (no exploitable arb at EOD),2.220446049250313e-14
2023-02-21,0.9361,0.83062,134.335999,1.3453,False,0.0,,0,1.0,0.0,,False,0.0,,0,1.0,0.0,,3.732784862225371,0.0,1.0000000000000002,EUR->JPY->USD->EUR,2.220446049250313e-14,1.0000000000000002,EUR->GBP->JPY->USD->EUR,2.220446049250313e-14,Yahoo Finance daily closing rates,"Directed, 5-node, fully connected (20 edges/day)",0.02,0.1,Daily closing FX rates are mid-market consensus prices — triangularly consistent by construction (no exploitable arb at EOD),2.220446049250313e-14
2023-02-22,0.93879,0.82581,134.975998,1.35349,False,0.0,,0,1.0,0.0,,False,0.0,,0,1.0,0.0,,3.709238057503608,0.0,1.0000000000000002,EUR->JPY->USD->EUR,2.220446049250313e-14,1.0000000000000002,EUR->GBP->JPY->USD->EUR,2.220446049250313e-14,Yahoo Finance daily closing rates,"Directed, 5-node, fully connected (20 edges/day)",0.02,0.1,Daily closing FX rates are mid-market consensus prices — triangularly consistent by construction (no exploitable arb at EOD),2.220446049250313e-14
2023-02-23,0.94288,0.82988,134.932007,1.35454,False,0.0,,0,1.0,0.0,,False,0.0,,0,1.0,0.0,,3.8168290618880247,0.0,1.0000000000000002,USD->JPY->GBP->USD,2.220446049250313e-14,1.0000000000000002,USD->EUR->JPY->GBP->USD,2.220446049250313e-14,Yahoo Finance daily closing rates,"Directed, 5-node, fully connected (20 edges/day)",0.02,0.1,Daily closing FX rates are mid-market consensus prices — triangularly consistent by construction (no exploitable arb at EOD),2.220446049250313e-14
2023-02-24,0.94357,0.8321,134.628006,1.35432,False,0.0,,0,1.0,0.0,GBP -> EUR -> CAD -> GBP,False,0.0,,0,1.0,0.0,GBP -> EUR -> CAD -> GBP,3.7775133496525615,0.0,1.0000000000000002,USD->GBP->EUR->USD,2.220446049250313e-14,1.0000000000000002,USD->GBP->EUR->JPY->USD,2.220446049250313e-14,Yahoo Finance daily closing rates,"Directed, 5-node, fully connected (20 edges/day)",0.02,0.1,Daily closing FX rates are mid-market consensus prices — triangularly consistent by construction (no exploitable arb at EOD),2.220446049250313e-14
2023-02-27,0.94744,0.83665,136.395004,1.35937,False,0.0,,0,1.0,0.0,,False,0.0,,0,1.0,0.0,,3.0351040850058206,0.0,1.0,USD->EUR->GBP->USD,0.0,1.0000000000000002,USD->GBP->EUR->CAD->USD,2.220446049250313e-14,Yahoo Finance daily closing rates,"Directed, 5-node, fully connected (20 edges/day)",0.02,0.1,Daily closing FX rates are mid-market consensus prices — triangularly consistent by construction (no exploitable arb at EOD),0.0
2023-02-28,0.9424,0.82908,136.317001,1.3574,False,0.0,,0,1.0,0.0,,False,0.0,,0,1.0,0.0,,6.34344034825615,0.0,1.0000000000000002,EUR->GBP->CAD->EUR,2.220446049250313e-14,1.0000000000000002,EUR->GBP->JPY->USD->EUR,2.220446049250313e-14,Yahoo Finance daily closing rates,"Directed, 5-node, fully connected (20 edges/day)",0.02,0.1,Daily closing FX rates are mid-market consensus prices — triangularly consistent by construction (no exploitable arb at EOD),2.220446049250313e-14
2023-03-01,0.94542,0.83101,136.348007,1.36452,False,0.0,,0,1.0,0.0,,False,0.0,,0,1.0,0.0,,6.397606328220043,0.0,1.0000000000000002,EUR->USD->CAD->EUR,2.220446049250313e-14,1.0000000000000002,EUR->USD->GBP->CAD->EUR,2.220446049250313e-14,Yahoo Finance daily closing rates,"Directed, 5-node, fully connected (20 edges/day)",0.02,0.1,Daily closing FX rates are mid-market consensus prices — triangularly consistent by construction (no exploitable arb at EOD),2.220446049250313e-14
2023-03-02,0.9373,0.83126,136.194,1.35896,False,0.0,,0,1.0,0.0,,False,0.0,,0,1.0,0.0,,8.814767625382434,0.0,1.0000000000000002,EUR->GBP->JPY->EUR,2.220446049250313e-14,1.0000000000000002,EUR->GBP->JPY->USD->EUR,2.220446049250313e-14,Yahoo Finance daily closing rates,"Directed, 5-node, fully connected (20 edges/day)",0.02,0.1,Daily closing FX rates are mid-market consensus prices — triangularly consistent by construction (no exploitable arb at EOD),2.220446049250313e-14
2023-03-03,0.94342,0.83671,136.705002,1.35948,False,0.0,,0,1.0,0.0,,False,0.0,,0,1.0,0.0,,10.415537830642474,0.0,1.0000000000000002,CAD->EUR->JPY->CAD,2.220446049250313e-14,1.0000000000000002,GBP->USD->JPY->EUR->GBP,2.220446049250313e-14,Yahoo Finance daily closing rates,"Directed, 5-node, fully connected (20 edges/day)",0.02,0.1,Daily closing FX rates are mid-market consensus prices — triangularly consistent by construction (no exploitable arb at EOD),2.220446049250313e-14
2023-03-06,0.94107,0.83136,135.860001,1.3603,False,0.0,,0,1.0,0.0,,False,0.0,,0,1.0,0.0,,9.803912441551272,0.0,1.0000000000000002,EUR->CAD->GBP->EUR,2.220446049250313e-14,1.0000000000000002,USD->CAD->GBP->EUR->USD,2.220446049250313e-14,Yahoo Finance daily closing rates,"Directed, 5-node, fully connected (20 edges/day)",0.02,0.1,Daily closing FX rates are mid-market consensus prices — triangularly consistent by construction (no exploitable arb at EOD),2.220446049250313e-14
2023-03-07,0.9356,0.8315,135.998993,1.36162,False,0.0,,0,1.0,0.0,,False,0.0,,0,1.0,0.0,,9.936256988189642,0.0,1.0000000000000002,USD->CAD->GBP->USD,2.220446049250313e-14,1.0000000000000002,USD->EUR->CAD->GBP->USD,2.220446049250313e-14,Yahoo Finance daily closing rates,"Directed, 5-node, fully connected (20 edges/day)",0.02,0.1,Daily closing FX rates are mid-market consensus prices — triangularly consistent by construction (no exploitable arb at EOD),2.220446049250313e-14
2023-03-08,0.9478,0.84547,137.391006,1.3748,False,0.0,,0,1.0,0.0,,False,0.0,,0,1.0,0.0,,14.277026063615562,0.0,1.0,USD->EUR->JPY->USD,0.0,1.0,USD->EUR->GBP->JPY->USD,0.0,Yahoo Finance daily closing rates,"Directed, 5-node, fully connected (20 edges/day)",0.02,0.1,Daily closing FX rates are mid-market consensus prices — triangularly consistent by construction (no exploitable arb at EOD),0.0
2023-03-09,0.94791,0.84387,137.225998,1.37994,False,0.0,,0,1.0,0.0,,False,0.0,,0,1.0,0.0,,11.907919482068069,0.0,1.0000000000000002,EUR->GBP->USD->EUR,2.220446049250313e-14,1.0000000000000002,EUR->GBP->USD->CAD->EUR,2.220446049250313e-14,Yahoo Finance daily closing rates,"Directed, 5-node, fully connected (20 edges/day)",0.02,0.1,Daily closing FX rates are mid-market consensus prices — triangularly consistent by construction (no exploitable arb at EOD),2.220446049250313e-14
2023-03-10,0.94476,0.83875,136.395004,1.3831,False,0.0,,0,1.0,0.0,,False,0.0,,0,1.0,0.0,,11.739032503433362,0.0,1.0000000000000002,USD->GBP->EUR->USD,2.220446049250313e-14,1.0000000000000002,USD->GBP->EUR->JPY->USD,2.220446049250313e-14,Yahoo Finance daily closing rates,"Directed, 5-node, fully connected (20 edges/day)",0.02,0.1,Daily closing FX rates are mid-market consensus prices — triangularly consistent by construction (no exploitable arb at EOD),2.220446049250313e-14
2023-03-13,0.93601,0.82786,134.979996,1.37638,False,0.0,,0,1.0,0.0,,False,0.0,,0,1.0,0.0,,13.602283224886047,0.0,1.0000000000000002,EUR->USD->JPY->EUR,2.220446049250313e-14,1.0000000000000002,EUR->USD->GBP->JPY->EUR,2.220446049250313e-14,Yahoo Finance daily closing rates,"Directed, 5-node, fully connected (20 edges/day)",0.02,0.1,Daily closing FX rates are mid-market consensus prices — triangularly consistent by construction (no exploitable arb at EOD),2.220446049250313e-14
2023-03-14,0.9324,0.8216,133.113998,1.37352,False,0.0,,0,1.0,0.0,,False,0.0,,0,1.0,0.0,,13.236452407283045,0.0,1.0000000000000002,GBP->JPY->USD->GBP,2.220446049250313e-14,1.0000000000000002,USD->CAD->EUR->JPY->USD,2.220446049250313e-14,Yahoo Finance daily closing rates,"Directed, 5-node, fully connected (20 edges/day)",0.02,0.1,Daily closing FX rates are mid-market consensus prices — triangularly consistent by construction (no exploitable arb at EOD),2.220446049250313e-14
2023-03-15,0.93217,0.8229,134.397003,1.36889,False,0.0,,0,1.0,0.0,,False,0.0,,0,1.0,0.0,,6.011658904091802,0.0,1.0000000000000002,EUR->GBP->JPY->EUR,2.220446049250313e-14,1.0000000000000004,EUR->CAD->GBP->JPY->EUR,4.440892098500626e-14,Yahoo Finance daily closing rates,"Directed, 5-node, fully connected (20 edges/day)",0.02,0.1,Daily closing FX rates are mid-market consensus prices — triangularly consistent by construction (no exploitable arb at EOD),2.220446049250313e-14
2023-03-16,0.94488,0.82855,132.929001,1.37649,False,0.0,,0,1.0,0.0,,False,0.0,,0,1.0,0.0,,13.609725881727122,0.0,1.0000000000000002,EUR->JPY->CAD->EUR,2.220446049250313e-14,1.0000000000000002,EUR->JPY->GBP->USD->EUR,2.220446049250313e-14,Yahoo Finance daily closing rates,"Directed, 5-node, fully connected (20 edges/day)",0.02,0.1,Daily closing FX rates are mid-market consensus prices — triangularly consistent by construction (no exploitable arb at EOD),2.220446049250313e-14
2023-03-17,0.94214,0.82573,133.367996,1.37191,False,0.0,,0,1.0,0.0,CAD -> USD -> JPY -> CAD,False,0.0,,0,1.0,0.0,CAD -> USD -> JPY -> CAD,13.560137179743617,0.0,1.0000000000000002,EUR->JPY->CAD->EUR,2.220446049250313e-14,1.0000000000000002,EUR->USD->JPY->CAD->EUR,2.220446049250313e-14,Yahoo Finance daily closing rates,"Directed, 5-node, fully connected (20 edges/day)",0.02,0.1,Daily closing FX rates are mid-market consensus prices — triangularly consistent by construction (no exploitable arb at EOD),2.220446049250313e-14
2023-03-20,0.93643,0.8205,132.283997,1.37098,False,0.0,,0,1.0,0.0,,False,0.0,,0,1.0,0.0,,12.391978030074746,0.0,1.0000000000000002,EUR->GBP->USD->EUR,2.220446049250313e-14,1.0000000000000002,EUR->GBP->USD->CAD->EUR,2.220446049250313e-14,Yahoo Finance daily closing rates,"Directed, 5-node, fully connected (20 edges/day)",0.02,0.1,Daily closing FX rates are mid-market consensus prices — triangularly consistent by construction (no exploitable arb at EOD),2.220446049250313e-14
2023-03-21,0.93291,0.81458,131.391998,1.3671,False,0.0,,0,1.0,0.0,,False,0.0,,0,1.0,0.0,,12.372416113444544,0.0,1.0000000000000002,EUR->GBP->USD->EUR,2.220446049250313e-14,1.0000000000000004,EUR->GBP->JPY->USD->EUR,4.440892098500626e-14,Yahoo Finance daily closing rates,"Directed, 5-node, fully connected (20 edges/day)",0.02,0.1,Daily closing FX rates are mid-market consensus prices — triangularly consistent by construction (no exploitable arb at EOD),2.220446049250313e-14
2023-03-22,0.92814,0.81799,132.348007,1.37088,False,0.0,,0,1.0,0.0,,False,0.0,,0,1.0,0.0,,12.93311882431129,0.0,1.0,USD->EUR->GBP->USD,0.0,1.0000000000000002,EUR->GBP->JPY->USD->EUR,2.220446049250313e-14,Yahoo Finance daily closing rates,"Directed, 5-node, fully connected (20 edges/day)",0.02,0.1,Daily closing FX rates are mid-market consensus prices — triangularly consistent by construction (no exploitable arb at EOD),0.0
2023-03-23,0.91993,0.81435,131.179001,1.37167,False,0.0,,0,1.0,0.0,,False,0.0,,0,1.0,0.0,,3.686299624474883,0.0,1.0000000000000002,USD->GBP->EUR->USD,2.220446049250313e-14,1.0000000000000002,USD->EUR->CAD->GBP->USD,2.220446049250313e-14,Yahoo Finance daily closing rates,"Directed, 5-node, fully connected (20 edges/day)",0.02,0.1,Daily closing FX rates are mid-market consensus prices — triangularly consistent by construction (no exploitable arb at EOD),2.220446049250313e-14
2023-03-24,0.92293,0.81423,130.865005,1.3717,False,0.0,,0,1.0,0.0,,False,0.0,,0,1.0,0.0,,7.191151889973291,0.0,1.0000000000000002,USD->GBP->EUR->USD,2.220446049250313e-14,1.0000000000000002,USD->JPY->GBP->EUR->USD,2.220446049250313e-14,Yahoo Finance daily closing rates,"Directed, 5-node, fully connected (20 edges/day)",0.02,0.1,Daily closing FX rates are mid-market consensus prices — triangularly consistent by construction (no exploitable arb at EOD),2.220446049250313e-14
2023-03-27,0.9278,0.816593,130.845993,1.37274,False,0.0,,0,1.0,0.0,,False,0.0,,0,1.0,0.0,,9.410144737315784,0.0,1.0000000000000002,EUR->JPY->USD->EUR,2.220446049250313e-14,1.0000000000000002,USD->GBP->EUR->JPY->USD,2.220446049250313e-14,Yahoo Finance daily closing rates,"Directed, 5-node, fully connected (20 edges/day)",0.02,0.1,Daily closing FX rates are mid-market consensus prices — triangularly consistent by construction (no exploitable arb at EOD),2.220446049250313e-14
2023-03-28,0.92532,0.81317,131.233002,1.36541,False,0.0,,0,1.0,0.0,CAD -> USD -> JPY -> CAD,False,0.0,,0,1.0,0.0,CAD -> USD -> JPY -> CAD,9.301676712281498,0.0,1.0000000000000002,EUR->JPY->CAD->EUR,2.220446049250313e-14,1.0000000000000002,EUR->USD->JPY->CAD->EUR,2.220446049250313e-14,Yahoo Finance daily closing rates,"Directed, 5-node, fully connected (20 edges/day)",0.02,0.1,Daily closing FX rates are mid-market consensus prices — triangularly consistent by construction (no exploitable arb at EOD),2.220446049250313e-14
2023-03-29,0.92255,0.811,131.046005,1.35933,False,0.0,,0,1.0,0.0,EUR -> CAD -> EUR,False,0.0,,0,1.0,0.0,EUR -> CAD -> EUR,8.91287600334398,0.0,1.0000000000000002,EUR->JPY->GBP->EUR,2.220446049250313e-14,1.0000000000000002,USD->GBP->EUR->JPY->USD,2.220446049250313e-14,Yahoo Finance daily closing rates,"Directed, 5-node, fully connected (20 edges/day)",0.02,0.1,Daily closing FX rates are mid-market consensus prices — triangularly consistent by construction (no exploitable arb at EOD),2.220446049250313e-14
2023-03-30,0.9222,0.81211,132.576004,1.35631,False,0.0,,0,1.0,0.0,,False,0.0,,0,1.0,0.0,,5.799025765271327,0.0,1.0000000000000002,EUR->GBP->USD->EUR,2.220446049250313e-14,1.0000000000000002,EUR->GBP->USD->JPY->EUR,2.220446049250313e-14,Yahoo Finance daily closing rates,"Directed, 5-node, fully connected (20 edges/day)",0.02,0.1,Daily closing FX rates are mid-market consensus prices — triangularly consistent by construction (no exploitable arb at EOD),2.220446049250313e-14
2023-03-31,0.91704,0.80728,133.201004,1.35219,False,0.0,,0,1.0,0.0,,False,0.0,,0,1.0,0.0,,6.5104410175894145,0.0,1.0000000000000002,USD->CAD->GBP->USD,2.220446049250313e-14,1.0000000000000002,USD->EUR->CAD->GBP->USD,2.220446049250313e-14,Yahoo Finance daily closing rates,"Directed, 5-node, fully connected (20 edges/day)",0.02,0.1,Daily closing FX rates are mid-market consensus prices — triangularly consistent by construction (no exploitable arb at EOD),2.220446049250313e-14
2023-04-03,0.92564,0.81387,133.347,1.35018,False,0.0,,0,1.0,0.0,,False,0.0,,0,1.0,0.0,,9.18194951152105,0.0,1.0000000000000002,EUR->USD->JPY->EUR,2.220446049250313e-14,1.0000000000000002,EUR->USD->JPY->CAD->EUR,2.220446049250313e-14,Yahoo Finance daily closing rates,"Directed, 5-node, fully connected (20 edges/day)",0.02,0.1,Daily closing FX rates are mid-market consensus prices — triangularly consistent by construction (no exploitable arb at EOD),2.220446049250313e-14
2023-04-04,0.9164,0.80495,132.298996,1.34337,False,0.0,,0,1.0,0.0,JPY -> USD -> CAD -> JPY,False,0.0,,0,1.0,0.0,JPY -> USD -> CAD -> JPY,11.491996885512396,0.0,1.0000000000000002,USD->GBP->EUR->USD,2.220446049250313e-14,1.0000000000000002,USD->GBP->EUR->JPY->USD,2.220446049250313e-14,Yahoo Finance daily closing rates,"Directed, 5-node, fully connected (20 edges/day)",0.02,0.1,Daily closing FX rates are mid-market consensus prices — triangularly consistent by construction (no exploitable arb at EOD),2.220446049250313e-14
2023-04-05,0.9124,0.8001,131.485001,1.3438,False,0.0,,0,1.0,0.0,,False,0.0,,0,1.0,0.0,,11.61294098663934,0.0,1.0000000000000002,USD->CAD->GBP->USD,2.220446049250313e-14,1.0000000000000002,USD->EUR->CAD->GBP->USD,2.220446049250313e-14,Yahoo Finance daily closing rates,"Directed, 5-node, fully connected (20 edges/day)",0.02,0.1,Daily closing FX rates are mid-market consensus prices — triangularly consistent by construction (no exploitable arb at EOD),2.220446049250313e-14
2023-04-06,0.91715,0.80237,130.934006,1.34543,False,0.0,,0,1.0,0.0,,False,0.0,,0,1.0,0.0,,12.781952064883562,0.0,1.0000000000000002,EUR->GBP->USD->EUR,2.220446049250313e-14,1.0000000000000002,EUR->GBP->CAD->USD->EUR,2.220446049250313e-14,Yahoo Finance daily closing rates,"Directed, 5-node, fully connected (20 edges/day)",0.02,0.1,Daily closing FX rates are mid-market consensus prices — triangularly consistent by construction (no exploitable arb at EOD),2.220446049250313e-14
2023-04-07,0.91574,0.803923,131.669006,1.3495,False,0.0,,0,1.0,0.0,,False,0.0,,0,1.0,0.0,,12.18935993436573,0.0,1.0000000000000002,EUR->USD->CAD->EUR,2.220446049250313e-14,1.0000000000000002,USD->CAD->GBP->EUR->USD,2.220446049250313e-14,Yahoo Finance daily closing rates,"Directed, 5-node, fully connected (20 edges/day)",0.02,0.1,Daily closing FX rates are mid-market consensus prices — triangularly consistent by construction (no exploitable arb at EOD),2.220446049250313e-14
2023-04-10,0.91629,0.8044,132.097,1.3504,False,0.0,,0,1.0,0.0,,False,0.0,,0,1.0,0.0,,9.010141791045593,0.0,1.0000000000000002,EUR->USD->JPY->EUR,2.220446049250313e-14,1.0000000000000002,EUR->USD->GBP->JPY->EUR,2.220446049250313e-14,Yahoo Finance daily closing rates,"Directed, 5-node, fully connected (20 edges/day)",0.02,0.1,Daily closing FX rates are mid-market consensus prices — triangularly consistent by construction (no exploitable arb at EOD),2.220446049250313e-14
2023-04-11,0.92002,0.80696,133.468994,1.35034,False,0.0,,0,1.0,0.0,,False,0.0,,0,1.0,0.0,,6.2609492177251145,0.0,1.0000000000000002,EUR->JPY->GBP->EUR,2.220446049250313e-14,1.0000000000000002,EUR->USD->JPY->GBP->EUR,2.220446049250313e-14,Yahoo Finance daily closing rates,"Directed, 5-node, fully connected (20 edges/day)",0.02,0.1,Daily closing FX rates are mid-market consensus prices — triangularly consistent by construction (no exploitable arb at EOD),2.220446049250313e-14
2023-04-12,0.91596,0.80444,133.593994,1.34625,False,0.0,,0,1.0,0.0,,False,0.0,,0,1.0,0.0,,6.286060839821911,0.0,1.0000000000000002,EUR->JPY->GBP->EUR,2.220446049250313e-14,1.0000000000000002,EUR->USD->JPY->GBP->EUR,2.220446049250313e-14,Yahoo Finance daily closing rates,"Directed, 5-node, fully connected (20 edges/day)",0.02,0.1,Daily closing FX rates are mid-market consensus prices — triangularly consistent by construction (no exploitable arb at EOD),2.220446049250313e-14
2023-04-13,0.9091,0.80047,133.085007,1.344,False,0.0,,0,1.0,0.0,,False,0.0,,0,1.0,0.0,,7.08873094902705,0.0,1.0000000000000002,USD->CAD->GBP->USD,2.220446049250313e-14,1.0000000000000002,USD->EUR->CAD->GBP->USD,2.220446049250313e-14,Yahoo Finance daily closing rates,"Directed, 5-node, fully connected (20 edges/day)",0.02,0.1,Daily closing FX rates are mid-market consensus prices — triangularly consistent by construction (no exploitable arb at EOD),2.220446049250313e-14
2023-04-14,0.9046,0.798384,132.487,1.334,False,0.0,,0,1.0,0.0,,False,0.0,,0,1.0,0.0,,7.428915094085917,0.0,1.0000000000000002,EUR->JPY->USD->EUR,2.220446049250313e-14,1.0000000000000002,USD->GBP->EUR->JPY->USD,2.220446049250313e-14,Yahoo Finance daily closing rates,"Directed, 5-node, fully connected (20 edges/day)",0.02,0.1,Daily closing FX rates are mid-market consensus prices — triangularly consistent by construction (no exploitable arb at EOD),2.220446049250313e-14
2023-04-17,0.9102,0.80644,133.970993,1.3365,False,0.0,,0,1.0,0.0,,False,0.0,,0,1.0,0.0,,9.603614177102942,0.0,1.0,USD->EUR->GBP->USD,0.0,1.0000000000000002,JPY->CAD->EUR->USD->JPY,2.220446049250313e-14,Yahoo Finance daily closing rates,"Directed, 5-node, fully connected (20 edges/day)",0.02,0.1,Daily closing FX rates are mid-market consensus prices — triangularly consistent by construction (no exploitable arb at EOD),0.0
2023-04-18,0.9153,0.80805,134.425003,1.3392,False,0.0,,0,1.0,0.0,,False,0.0,,0,1.0,0.0,,10.186782740503917,0.0,1.0000000000000002,GBP->CAD->JPY->GBP,2.220446049250313e-14,1.0000000000000002,GBP->EUR->CAD->JPY->GBP,2.220446049250313e-14,Yahoo Finance daily closing rates,"Directed, 5-node, fully connected (20 edges/day)",0.02,0.1,Daily closing FX rates are mid-market consensus prices — triangularly consistent by construction (no exploitable arb at EOD),2.220446049250313e-14
2023-04-19,0.91113,0.8048,134.044006,1.33909,False,0.0,,0,1.0,0.0,EUR -> CAD -> EUR,False,0.0,,0,1.0,0.0,EUR -> CAD -> EUR,10.21738438789041,0.0,1.0000000000000002,EUR->GBP->USD->EUR,2.220446049250313e-14,1.0000000000000002,USD->CAD->EUR->GBP->USD,2.220446049250313e-14,Yahoo Finance daily closing rates,"Directed, 5-node, fully connected (20 edges/day)",0.02,0.1,Daily closing FX rates are mid-market consensus prices — triangularly consistent by construction (no exploitable arb at EOD),2.220446049250313e-14
2023-04-20,0.91306,0.80458,134.703995,1.3468,False,0.0,,0,1.0,0.0,,False,0.0,,0,1.0,0.0,,8.529567878046821,0.0,1.0000000000000002,JPY->USD->EUR->JPY,2.220446049250313e-14,1.0000000000000002,GBP->EUR->JPY->USD->GBP,2.220446049250313e-14,Yahoo Finance daily closing rates,"Directed, 5-node, fully connected (20 edges/day)",0.02,0.1,Daily closing FX rates are mid-market consensus prices — triangularly consistent by construction (no exploitable arb at EOD),2.220446049250313e-14
2023-04-21,0.9115,0.8038,133.996002,1.34808,False,0.0,,0,1.0,0.0,,False,0.0,,0,1.0,0.0,,7.361232670532258,0.0,1.0000000000000002,USD->GBP->EUR->USD,2.220446049250313e-14,1.0000000000000002,USD->GBP->EUR->CAD->USD,2.220446049250313e-14,Yahoo Finance daily closing rates,"Directed, 5-node, fully connected (20 edges/day)",0.02,0.1,Daily closing FX rates are mid-market consensus prices — triangularly consistent by construction (no exploitable arb at EOD),2.220446049250313e-14
2023-04-24,0.90973,0.80323,133.960999,1.35384,False,0.0,,0,1.0,0.0,,False,0.0,,0,1.0,0.0,,6.3098842596792935,0.0,1.0000000000000002,USD->GBP->EUR->USD,2.220446049250313e-14,1.0000000000000002,USD->EUR->JPY->CAD->USD,2.220446049250313e-14,Yahoo Finance daily closing rates,"Directed, 5-node, fully connected (20 edges/day)",0.02,0.1,Daily closing FX rates are mid-market consensus prices — triangularly consistent by construction (no exploitable arb at EOD),2.220446049250313e-14
2023-04-25,0.9042,0.8,134.084,1.35337,False,0.0,,0,1.0,0.0,,False,0.0,,0,1.0,0.0,,4.984265673348577,0.0,1.0000000000000002,EUR->USD->CAD->EUR,2.220446049250313e-14,1.0000000000000002,EUR->USD->GBP->CAD->EUR,2.220446049250313e-14,Yahoo Finance daily closing rates,"Directed, 5-node, fully connected (20 edges/day)",0.02,0.1,Daily closing FX rates are mid-market consensus prices — triangularly consistent by construction (no exploitable arb at EOD),2.220446049250313e-14
2023-04-26,0.91088,0.80549,133.710999,1.36184,False,0.0,,0,1.0,0.0,,False,0.0,,0,1.0,0.0,,8.036631284225765,0.0,1.0000000000000002,EUR->GBP->USD->EUR,2.220446049250313e-14,1.0000000000000002,EUR->GBP->USD->JPY->EUR,2.220446049250313e-14,Yahoo Finance daily closing rates,"Directed, 5-node, fully connected (20 edges/day)",0.02,0.1,Daily closing FX rates are mid-market consensus prices — triangularly consistent by construction (no exploitable arb at EOD),2.220446049250313e-14
2023-04-27,0.9052,0.80183,133.464996,1.36307,False,0.0,,0,1.0,0.0,,False,0.0,,0,1.0,0.0,,8.77545632315958,0.0,1.0000000000000002,EUR->JPY->GBP->EUR,2.220446049250313e-14,1.0000000000000002,USD->GBP->EUR->JPY->USD,2.220446049250313e-14,Yahoo Finance daily closing rates,"Directed, 5-node, fully connected (20 edges/day)",0.02,0.1,Daily closing FX rates are mid-market consensus prices — triangularly consistent by construction (no exploitable arb at EOD),2.220446049250313e-14
2023-04-28,0.90645,0.80016,133.802002,1.35997,False,0.0,,0,1.0,0.0,,False,0.0,,0,1.0,0.0,,9.049599316164644,0.0,1.0000000000000002,GBP->JPY->EUR->GBP,2.220446049250313e-14,1.0000000000000002,GBP->USD->JPY->EUR->GBP,2.220446049250313e-14,Yahoo Finance daily closing rates,"Directed, 5-node, fully connected (20 edges/day)",0.02,0.1,Daily closing FX rates are mid-market consensus prices — triangularly consistent by construction (no exploitable arb at EOD),2.220446049250313e-14
2023-05-01,0.90819,0.79633,136.386002,1.35591,False,0.0,,0,1.0,0.0,,False,0.0,,0,1.0,0.0,,9.23901658801656,0.0,1.0000000000000002,GBP->USD->EUR->GBP,2.220446049250313e-14,1.0000000000000002,EUR->JPY->GBP->USD->EUR,2.220446049250313e-14,Yahoo Finance daily closing rates,"Directed, 5-node, fully connected (20 edges/day)",0.02,0.1,Daily closing FX rates are mid-market consensus prices — triangularly consistent by construction (no exploitable arb at EOD),2.220446049250313e-14
2023-05-02,0.91164,0.8009,137.520996,1.3552,False,0.0,,0,1.0,0.0,,False,0.0,,0,1.0,0.0,,7.930669055938788,0.0,1.0000000000000002,EUR->GBP->USD->EUR,2.220446049250313e-14,1.0000000000000002,EUR->GBP->USD->JPY->EUR,2.220446049250313e-14,Yahoo Finance daily closing rates,"Directed, 5-node, fully connected (20 edges/day)",0.02,0.1,Daily closing FX rates are mid-market consensus prices — triangularly consistent by construction (no exploitable arb at EOD),2.220446049250313e-14
2023-05-03,0.90819,0.8015,136.466003,1.36195,False,0.0,,0,1.0,0.0,CAD -> EUR -> GBP -> CAD,False,0.0,,0,1.0,0.0,CAD -> EUR -> GBP -> CAD,6.721532895639201,0.0,1.0000000000000002,GBP->USD->EUR->GBP,2.220446049250313e-14,1.0000000000000002,GBP->USD->EUR->JPY->GBP,2.220446049250313e-14,Yahoo Finance daily closing rates,"Directed, 5-node, fully connected (20 edges/day)",0.02,0.1,Daily closing FX rates are mid-market consensus prices — triangularly consistent by construction (no exploitable arb at EOD),2.220446049250313e-14
2023-05-04,0.90343,0.79561,134.544006,1.36319,False,0.0,,0,1.0,0.0,,False,0.0,,0,1.0,0.0,,6.20846292415655,0.0,1.0000000000000002,EUR->CAD->GBP->EUR,2.220446049250313e-14,1.0000000000000002,USD->GBP->EUR->CAD->USD,2.220446049250313e-14,Yahoo Finance daily closing rates,"Directed, 5-node, fully connected (20 edges/day)",0.02,0.1,Daily closing FX rates are mid-market consensus prices — triangularly consistent by construction (no exploitable arb at EOD),2.220446049250313e-14
2023-05-05,0.9072,0.7947,134.179001,1.3523,False,0.0,,0,1.0,0.0,,False,0.0,,0,1.0,0.0,,6.9761678181075855,0.0,1.0000000000000002,EUR->JPY->USD->EUR,2.220446049250313e-14,1.0000000000000002,EUR->GBP->JPY->USD->EUR,2.220446049250313e-14,Yahoo Finance daily closing rates,"Directed, 5-node, fully connected (20 edges/day)",0.02,0.1,Daily closing FX rates are mid-market consensus prices — triangularly consistent by construction (no exploitable arb at EOD),2.220446049250313e-14
2023-05-08,0.90755,0.79173,135.199005,1.338,False,0.0,,0,1.0,0.0,,False,0.0,,0,1.0,0.0,,6.816690245099739,0.0,1.0000000000000002,USD->CAD->GBP->USD,2.220446049250313e-14,1.0000000000000002,USD->EUR->CAD->GBP->USD,2.220446049250313e-14,Yahoo Finance daily closing rates,"Directed, 5-node, fully connected (20 edges/day)",0.02,0.1,Daily closing FX rates are mid-market consensus prices — triangularly consistent by construction (no exploitable arb at EOD),2.220446049250313e-14
2023-05-09,0.90941,0.79285,135.072998,1.33724,False,0.0,,0,1.0,0.0,,False,0.0,,0,1.0,0.0,,6.273598002907267,0.0,1.0000000000000002,EUR->USD->GBP->EUR,2.220446049250313e-14,1.0000000000000002,EUR->USD->GBP->JPY->EUR,2.220446049250313e-14,Yahoo Finance daily closing rates,"Directed, 5-node, fully connected (20 edges/day)",0.02,0.1,Daily closing FX rates are mid-market consensus prices — triangularly consistent by construction (no exploitable arb at EOD),2.220446049250313e-14
2023-05-10,0.91202,0.7921,135.287994,1.3375,False,0.0,,0,1.0,0.0,GBP -> USD -> EUR -> GBP,False,0.0,,0,1.0,0.0,GBP -> USD -> EUR -> GBP,5.830940329582124,0.0,1.0000000000000002,EUR->GBP->USD->EUR,2.220446049250313e-14,1.0000000000000002,EUR->GBP->USD->CAD->EUR,2.220446049250313e-14,Yahoo Finance daily closing rates,"Directed, 5-node, fully connected (20 edges/day)",0.02,0.1,Daily closing FX rates are mid-market consensus prices — triangularly consistent by construction (no exploitable arb at EOD),2.220446049250313e-14
2023-05-11,0.91041,0.791954,134.087006,1.33721,False,0.0,,0,1.0,0.0,,False,0.0,,0,1.0,0.0,,3.652008255858752,0.0,1.0000000000000002,USD->CAD->GBP->USD,2.220446049250313e-14,1.0000000000000002,USD->EUR->CAD->GBP->USD,2.220446049250313e-14,Yahoo Finance daily closing rates,"Directed, 5-node, fully connected (20 edges/day)",0.02,0.1,Daily closing FX rates are mid-market consensus prices — triangularly consistent by construction (no exploitable arb at EOD),2.220446049250313e-14
2023-05-12,0.91641,0.79948,134.498001,1.3493,False,0.0,,0,1.0,0.0,CAD -> USD -> GBP -> CAD,False,0.0,,0,1.0,0.0,CAD -> USD -> GBP -> CAD,4.919767888039247,0.0,1.0000000000000002,JPY->GBP->USD->JPY,2.220446049250313e-14,1.0000000000000002,USD->CAD->EUR->GBP->USD,2.220446049250313e-14,Yahoo Finance daily closing rates,"Directed, 5-node, fully connected (20 edges/day)",0.02,0.1,Daily closing FX rates are mid-market consensus prices — triangularly consistent by construction (no exploitable arb at EOD),2.220446049250313e-14
2023-05-15,0.92143,0.80315,135.822006,1.3554,False,0.0,,0,1.0,0.0,,False,0.0,,0,1.0,0.0,,5.171092543252183,0.0,1.0000000000000002,USD->JPY->GBP->USD,2.220446049250313e-14,1.0000000000000002,USD->EUR->JPY->GBP->USD,2.220446049250313e-14,Yahoo Finance daily closing rates,"Directed, 5-node, fully connected (20 edges/day)",0.02,0.1,Daily closing FX rates are mid-market consensus prices — triangularly consistent by construction (no exploitable arb at EOD),2.220446049250313e-14
2023-05-16,0.91965,0.79839,136.044998,1.3465,False,0.0,,0,1.0,0.0,,False,0.0,,0,1.0,0.0,,6.2996064230795055,0.0,1.0000000000000002,USD->GBP->EUR->USD,2.220446049250313e-14,1.0000000000000002,USD->EUR->CAD->GBP->USD,2.220446049250313e-14,Yahoo Finance daily closing rates,"Directed, 5-node, fully connected (20 edges/day)",0.02,0.1,Daily closing FX rates are mid-market consensus prices — triangularly consistent by construction (no exploitable arb at EOD),2.220446049250313e-14
2023-05-17,0.92033,0.801,136.429993,1.34772,False,0.0,,0,1.0,0.0,,False,0.0,,0,1.0,0.0,,6.347120404654365,0.0,1.0000000000000002,CAD->JPY->GBP->CAD,2.220446049250313e-14,1.0000000000000002,GBP->USD->EUR->JPY->GBP,2.220446049250313e-14,Yahoo Finance daily closing rates,"Directed, 5-node, fully connected (20 edges/day)",0.02,0.1,Daily closing FX rates are mid-market consensus prices — triangularly consistent by construction (no exploitable arb at EOD),2.220446049250313e-14
2023-05-18,0.92265,0.801102,137.613998,1.34667,False,0.0,,0,1.0,0.0,,False,0.0,,0,1.0,0.0,,5.4960154149989515,0.0,1.0000000000000002,USD->GBP->EUR->USD,2.220446049250313e-14,1.0000000000000002,USD->JPY->GBP->EUR->USD,2.220446049250313e-14,Yahoo Finance daily closing rates,"Directed, 5-node, fully connected (20 edges/day)",0.02,0.1,Daily closing FX rates are mid-market consensus prices — triangularly consistent by construction (no exploitable arb at EOD),2.220446049250313e-14
2023-05-19,0.92804,0.80565,138.619995,1.34977,False,0.0,,0,1.0,0.0,,False,0.0,,0,1.0,0.0,,5.1799049973218105,0.0,1.0000000000000002,EUR->USD->JPY->EUR,2.220446049250313e-14,1.0000000000000002,EUR->USD->CAD->JPY->EUR,2.220446049250313e-14,Yahoo Finance daily closing rates,"Directed, 5-node, fully connected (20 edges/day)",0.02,0.1,Daily closing FX rates are mid-market consensus prices — triangularly consistent by construction (no exploitable arb at EOD),2.220446049250313e-14
2023-05-22,0.92398,0.8025,137.692001,1.3488,False,0.0,,0,1.0,0.0,,False,0.0,,0,1.0,0.0,,6.262317183594537,0.0,1.0000000000000002,EUR->GBP->CAD->EUR,2.220446049250313e-14,1.0000000000000002,USD->GBP->EUR->JPY->USD,2.220446049250313e-14,Yahoo Finance daily closing rates,"Directed, 5-node, fully connected (20 edges/day)",0.02,0.1,Daily closing FX rates are mid-market consensus prices — triangularly consistent by construction (no exploitable arb at EOD),2.220446049250313e-14
2023-05-23,0.92498,0.80422,138.671997,1.35029,False,0.0,,0,1.0,0.0,,False,0.0,,0,1.0,0.0,,5.861107610092636,0.0,1.0000000000000002,JPY->EUR->USD->JPY,2.220446049250313e-14,1.0000000000000002,GBP->JPY->CAD->EUR->GBP,2.220446049250313e-14,Yahoo Finance daily closing rates,"Directed, 5-node, fully connected (20 edges/day)",0.02,0.1,Daily closing FX rates are mid-market consensus prices — triangularly consistent by construction (no exploitable arb at EOD),2.220446049250313e-14
2023-05-24,0.92853,0.80533,138.598007,1.34994,False,0.0,,0,1.0,0.0,,False,0.0,,0,1.0,0.0,,6.12750784285432,0.0,1.0000000000000002,EUR->GBP->JPY->EUR,2.220446049250313e-14,1.0000000000000002,EUR->USD->GBP->JPY->EUR,2.220446049250313e-14,Yahoo Finance daily closing rates,"Directed, 5-node, fully connected (20 edges/day)",0.02,0.1,Daily closing FX rates are mid-market consensus prices — triangularly consistent by construction (no exploitable arb at EOD),2.220446049250313e-14
2023-05-25,0.9296,0.80834,139.283005,1.35885,False,0.0,,0,1.0,0.0,,False,0.0,,0,1.0,0.0,,6.099750061816764,0.0,1.0000000000000002,EUR->CAD->USD->EUR,2.220446049250313e-14,1.0000000000000002,EUR->JPY->GBP->USD->EUR,2.220446049250313e-14,Yahoo Finance daily closing rates,"Directed, 5-node, fully connected (20 edges/day)",0.02,0.1,Daily closing FX rates are mid-market consensus prices — triangularly consistent by construction (no exploitable arb at EOD),2.220446049250313e-14
2023-05-26,0.93245,0.8118,140.016998,1.36432,False,0.0,,0,1.0,0.0,,False,0.0,,0,1.0,0.0,,5.098940817395677,0.0,1.0000000000000002,EUR->JPY->CAD->EUR,2.220446049250313e-14,1.0000000000000002,EUR->USD->JPY->CAD->EUR,2.220446049250313e-14,Yahoo Finance daily closing rates,"Directed, 5-node, fully connected (20 edges/day)",0.02,0.1,Daily closing FX rates are mid-market consensus prices — triangularly consistent by construction (no exploitable arb at EOD),2.220446049250313e-14
2023-05-29,0.93257,0.80992,140.871002,1.3609,False,0.0,,0,1.0,0.0,GBP -> USD -> CAD -> GBP,False,0.0,,0,1.0,0.0,GBP -> USD -> CAD -> GBP,2.437447964652564,0.0,1.0000000000000002,USD->CAD->GBP->USD,2.220446049250313e-14,1.0000000000000002,USD->EUR->CAD->GBP->USD,2.220446049250313e-14,Yahoo Finance daily closing rates,"Directed, 5-node, fully connected (20 edges/day)",0.02,0.1,Daily closing FX rates are mid-market consensus prices — triangularly consistent by construction (no exploitable arb at EOD),2.220446049250313e-14
2023-05-30,0.93391,0.80976,140.440994,1.3601,False,0.0,,0,1.0,0.0,,False,0.0,,0,1.0,0.0,,2.3793219905726644,0.0,1.0000000000000002,USD->GBP->EUR->USD,2.220446049250313e-14,1.0000000000000002,USD->GBP->EUR->JPY->USD,2.220446049250313e-14,Yahoo Finance daily closing rates,"Directed, 5-node, fully connected (20 edges/day)",0.02,0.1,Daily closing FX rates are mid-market consensus prices — triangularly consistent by construction (no exploitable arb at EOD),2.220446049250313e-14
2023-05-31,0.9317,0.80568,139.792007,1.35997,False,0.0,,0,1.0,0.0,,False,0.0,,0,1.0,0.0,,3.181365844399679,0.0,1.0000000000000002,EUR->USD->CAD->EUR,2.220446049250313e-14,1.0000000000000002,EUR->USD->CAD->GBP->EUR,2.220446049250313e-14,Yahoo Finance daily closing rates,"Directed, 5-node, fully connected (20 edges/day)",0.02,0.1,Daily closing FX rates are mid-market consensus prices — triangularly consistent by construction (no exploitable arb at EOD),2.220446049250313e-14
2023-06-01,0.935,0.80341,139.126999,1.3566,False,0.0,,0,1.0,0.0,,False,0.0,,0,1.0,0.0,,3.7943918839362767,0.0,1.0000000000000002,EUR->CAD->GBP->EUR,2.220446049250313e-14,1.0000000000000002,EUR->USD->CAD->GBP->EUR,2.220446049250313e-14,Yahoo Finance daily closing rates,"Directed, 5-node, fully connected (20 edges/day)",0.02,0.1,Daily closing FX rates are mid-market consensus prices — triangularly consistent by construction (no exploitable arb at EOD),2.220446049250313e-14
2023-06-02,0.9293,0.79834,138.748001,1.3443,False,0.0,,0,1.0,0.0,,False,0.0,,0,1.0,0.0,,5.902148295080897,0.0,1.0000000000000002,EUR->GBP->USD->EUR,2.220446049250313e-14,1.0000000000000002,EUR->GBP->USD->JPY->EUR,2.220446049250313e-14,Yahoo Finance daily closing rates,"Directed, 5-node, fully connected (20 edges/day)",0.02,0.1,Daily closing FX rates are mid-market consensus prices — triangularly consistent by construction (no exploitable arb at EOD),2.220446049250313e-14
2023-06-05,0.9347,0.80449,140.207001,1.34283,False,0.0,,0,1.0,0.0,,False,0.0,,0,1.0,0.0,,7.534013367445145,0.0,1.0000000000000002,JPY->GBP->USD->JPY,2.220446049250313e-14,1.0000000000000002,EUR->GBP->USD->JPY->EUR,2.220446049250313e-14,Yahoo Finance daily closing rates,"Directed, 5-node, fully connected (20 edges/day)",0.02,0.1,Daily closing FX rates are mid-market consensus prices — triangularly consistent by construction (no exploitable arb at EOD),2.220446049250313e-14
2023-06-06,0.93355,0.8043,139.382996,1.3448,False,0.0,,0,1.0,0.0,,False,0.0,,0,1.0,0.0,,7.553436386505455,0.0,1.0000000000000002,EUR->GBP->USD->EUR,2.220446049250313e-14,1.0000000000000002,USD->CAD->EUR->GBP->USD,2.220446049250313e-14,Yahoo Finance daily closing rates,"Directed, 5-node, fully connected (20 edges/day)",0.02,0.1,Daily closing FX rates are mid-market consensus prices — triangularly consistent by construction (no exploitable arb at EOD),2.220446049250313e-14
2023-06-07,0.93475,0.8046,139.526993,1.33986,False,0.0,,0,1.0,0.0,,False,0.0,,0,1.0,0.0,,7.295932303984964,0.0,1.0000000000000002,EUR->USD->GBP->EUR,2.220446049250313e-14,1.0000000000000002,EUR->USD->GBP->JPY->EUR,2.220446049250313e-14,Yahoo Finance daily closing rates,"Directed, 5-node, fully connected (20 edges/day)",0.02,0.1,Daily closing FX rates are mid-market consensus prices — triangularly consistent by construction (no exploitable arb at EOD),2.220446049250313e-14
2023-06-08,0.93393,0.80348,139.899002,1.33716,False,0.0,,0,1.0,0.0,,False,0.0,,0,1.0,0.0,,6.857184970578099,0.0,1.0000000000000002,EUR->CAD->USD->EUR,2.220446049250313e-14,1.0000000000000002,EUR->JPY->CAD->USD->EUR,2.220446049250313e-14,Yahoo Finance daily closing rates,"Directed, 5-node, fully connected (20 edges/day)",0.02,0.1,Daily closing FX rates are mid-market consensus prices — triangularly consistent by construction (no exploitable arb at EOD),2.220446049250313e-14
2023-06-09,0.92741,0.79621,138.863007,1.3362,False,0.0,,0,1.0,0.0,,False,0.0,,0,1.0,0.0,,7.350338287810193,0.0,1.0000000000000002,GBP->JPY->CAD->GBP,2.220446049250313e-14,1.0000000000000002,USD->CAD->GBP->EUR->USD,2.220446049250313e-14,Yahoo Finance daily closing rates,"Directed, 5-node, fully connected (20 edges/day)",0.02,0.1,Daily closing FX rates are mid-market consensus prices — triangularly consistent by construction (no exploitable arb at EOD),2.220446049250313e-14
2023-06-12,0.93015,0.79485,139.371002,1.33368,False,0.0,,0,1.0,0.0,CAD -> GBP -> CAD,False,0.0,,0,1.0,0.0,CAD -> GBP -> CAD,5.990237010605341,0.0,1.0000000000000002,USD->CAD->GBP->USD,2.220446049250313e-14,1.0000000000000002,USD->EUR->CAD->GBP->USD,2.220446049250313e-14,Yahoo Finance daily closing rates,"Directed, 5-node, fully connected (20 edges/day)",0.02,0.1,Daily closing FX rates are mid-market consensus prices — triangularly consistent by construction (no exploitable arb at EOD),2.220446049250313e-14
2023-06-13,0.92911,0.79902,139.460007,1.3363,False,0.0,,0,1.0,0.0,,False,0.0,,0,1.0,0.0,,5.987752276669893,0.0,1.0000000000000002,USD->CAD->EUR->USD,2.220446049250313e-14,1.0000000000000002,USD->GBP->CAD->EUR->USD,2.220446049250313e-14,Yahoo Finance daily closing rates,"Directed, 5-node, fully connected (20 edges/day)",0.02,0.1,Daily closing FX rates are mid-market consensus prices — triangularly consistent by construction (no exploitable arb at EOD),2.220446049250313e-14
2023-06-14,0.92684,0.79322,140.177002,1.33147,False,0.0,,0,1.0,0.0,,False,0.0,,0,1.0,0.0,,5.6874899188736645,0.0,1.0000000000000002,EUR->GBP->USD->EUR,2.220446049250313e-14,1.0000000000000002,USD->GBP->EUR->JPY->USD,2.220446049250313e-14,Yahoo Finance daily closing rates,"Directed, 5-node, fully connected (20 edges/day)",0.02,0.1,Daily closing FX rates are mid-market consensus prices — triangularly consistent by construction (no exploitable arb at EOD),2.220446049250313e-14
2023-06-15,0.92225,0.78921,139.977005,1.33264,False,0.0,,0,1.0,0.0,,False,0.0,,0,1.0,0.0,,6.044260148239145,0.0,1.0000000000000002,USD->CAD->GBP->USD,2.220446049250313e-14,1.0000000000000002,USD->EUR->CAD->GBP->USD,2.220446049250313e-14,Yahoo Finance daily closing rates,"Directed, 5-node, fully connected (20 edges/day)",0.02,0.1,Daily closing FX rates are mid-market consensus prices — triangularly consistent by construction (no exploitable arb at EOD),2.220446049250313e-14
2023-06-16,0.91358,0.78212,140.268005,1.32219,False,0.0,,0,1.0,0.0,,False,0.0,,0,1.0,0.0,,7.302805369298053,0.0,1.0000000000000002,EUR->USD->JPY->EUR,2.220446049250313e-14,1.0000000000000002,EUR->USD->CAD->JPY->EUR,2.220446049250313e-14,Yahoo Finance daily closing rates,"Directed, 5-node, fully connected (20 edges/day)",0.02,0.1,Daily closing FX rates are mid-market consensus prices — triangularly consistent by construction (no exploitable arb at EOD),2.220446049250313e-14
2023-06-19,0.9139,0.7794,141.867004,1.3198,False,0.0,,0,1.0,0.0,,False,0.0,,0,1.0,0.0,,6.101613388108751,0.0,1.0000000000000002,USD->CAD->EUR->USD,2.220446049250313e-14,1.0000000000000002,USD->GBP->CAD->EUR->USD,2.220446049250313e-14,Yahoo Finance daily closing rates,"Directed, 5-node, fully connected (20 edges/day)",0.02,0.1,Daily closing FX rates are mid-market consensus prices — triangularly consistent by construction (no exploitable arb at EOD),2.220446049250313e-14
2023-06-20,0.91539,0.78157,141.899002,1.32095,False,0.0,,0,1.0,0.0,,False,0.0,,0,1.0,0.0,,7.026080056047094,0.0,1.0000000000000002,USD->CAD->EUR->USD,2.220446049250313e-14,1.0000000000000002,USD->GBP->CAD->EUR->USD,2.220446049250313e-14,Yahoo Finance daily closing rates,"Directed, 5-node, fully connected (20 edges/day)",0.02,0.1,Daily closing FX rates are mid-market consensus prices — triangularly consistent by construction (no exploitable arb at EOD),2.220446049250313e-14
2023-06-21,0.91572,0.78337,141.335007,1.32256,False,0.0,,0,1.0,0.0,EUR -> USD -> CAD -> EUR,False,0.0,,0,1.0,0.0,EUR -> USD -> CAD -> EUR,7.430162397275226,0.0,1.0000000000000002,GBP->JPY->CAD->GBP,2.220446049250313e-14,1.0000000000000002,GBP->USD->JPY->CAD->GBP,2.220446049250313e-14,Yahoo Finance daily closing rates,"Directed, 5-node, fully connected (20 edges/day)",0.02,0.1,Daily closing FX rates are mid-market consensus prices — triangularly consistent by construction (no exploitable arb at EOD),2.220446049250313e-14
2023-06-22,0.9097,0.78296,141.688004,1.3161,False,0.0,,0,1.0,0.0,,False,0.0,,0,1.0,0.0,,7.860681292838224,0.0,1.0000000000000002,EUR->USD->JPY->EUR,2.220446049250313e-14,1.0000000000000002,EUR->USD->GBP->JPY->EUR,2.220446049250313e-14,Yahoo Finance daily closing rates,"Directed, 5-node, fully connected (20 edges/day)",0.02,0.1,Daily closing FX rates are mid-market consensus prices — triangularly consistent by construction (no exploitable arb at EOD),2.220446049250313e-14
2023-06-23,0.9125,0.78449,143.029999,1.31459,False,0.0,,0,1.0,0.0,CAD -> EUR -> JPY -> CAD,False,0.0,,0,1.0,0.0,CAD -> EUR -> JPY -> CAD,5.9171299879773285,0.0,1.0000000000000002,EUR->JPY->CAD->EUR,2.220446049250313e-14,1.0000000000000002,USD->JPY->CAD->EUR->USD,2.220446049250313e-14,Yahoo Finance daily closing rates,"Directed, 5-node, fully connected (20 edges/day)",0.02,0.1,Daily closing FX rates are mid-market consensus prices — triangularly consistent by construction (no exploitable arb at EOD),2.220446049250313e-14
2023-06-26,0.91687,0.78557,143.541,1.31647,False,0.0,,0,1.0,0.0,,False,0.0,,0,1.0,0.0,,6.940111661945137,0.0,1.0000000000000002,USD->GBP->EUR->USD,2.220446049250313e-14,1.0000000000000004,USD->JPY->GBP->EUR->USD,4.440892098500626e-14,Yahoo Finance daily closing rates,"Directed, 5-node, fully connected (20 edges/day)",0.02,0.1,Daily closing FX rates are mid-market consensus prices — triangularly consistent by construction (no exploitable arb at EOD),2.220446049250313e-14
2023-06-27,0.91655,0.78666,143.460007,1.315,False,0.0,,0,1.0,0.0,,False,0.0,,0,1.0,0.0,,6.906109727894891,0.0,1.0000000000000002,GBP->USD->EUR->GBP,2.220446049250313e-14,1.0000000000000002,EUR->USD->CAD->GBP->EUR,2.220446049250313e-14,Yahoo Finance daily closing rates,"Directed, 5-node, fully connected (20 edges/day)",0.02,0.1,Daily closing FX rates are mid-market consensus prices — triangularly consistent by construction (no exploitable arb at EOD),2.220446049250313e-14
2023-06-28,0.91264,0.78464,143.882004,1.31977,False,0.0,,0,1.0,0.0,,False,0.0,,0,1.0,0.0,,7.609116203855695,0.0,1.0000000000000002,GBP->EUR->USD->GBP,2.220446049250313e-14,1.0000000000000002,GBP->EUR->JPY->USD->GBP,2.220446049250313e-14,Yahoo Finance daily closing rates,"Directed, 5-node, fully connected (20 edges/day)",0.02,0.1,Daily closing FX rates are mid-market consensus prices — triangularly consistent by construction (no exploitable arb at EOD),2.220446049250313e-14
2023-06-29,0.9161,0.79098,144.389008,1.32518,False,0.0,,0,1.0,0.0,EUR -> CAD -> EUR,False,0.0,,0,1.0,0.0,EUR -> CAD -> EUR,5.894860354007604,0.0,1.0000000000000002,CAD->USD->EUR->CAD,2.220446049250313e-14,1.0000000000000002,GBP->EUR->CAD->JPY->GBP,2.220446049250313e-14,Yahoo Finance daily closing rates,"Directed, 5-node, fully connected (20 edges/day)",0.02,0.1,Daily closing FX rates are mid-market consensus prices — triangularly consistent by construction (no exploitable arb at EOD),2.220446049250313e-14
2023-06-30,0.92013,0.79273,144.779999,1.325,False,0.0,,0,1.0,0.0,CAD -> USD -> GBP -> CAD,False,0.0,,0,1.0,0.0,CAD -> USD -> GBP -> CAD,6.196283006667154,0.0,1.0000000000000002,USD->CAD->GBP->USD,2.220446049250313e-14,1.0000000000000002,USD->EUR->CAD->GBP->USD,2.220446049250313e-14,Yahoo Finance daily closing rates,"Directed, 5-node, fully connected (20 edges/day)",0.02,0.1,Daily closing FX rates are mid-market consensus prices — triangularly consistent by construction (no exploitable arb at EOD),2.220446049250313e-14
2023-07-03,0.9168,0.78782,144.397995,1.325,False,0.0,,0,1.0,0.0,CAD -> USD -> JPY -> CAD,False,0.0,,0,1.0,0.0,CAD -> USD -> JPY -> CAD,6.405541084407316,0.0,1.0000000000000002,EUR->USD->CAD->EUR,2.220446049250313e-14,1.0000000000000002,EUR->USD->GBP->CAD->EUR,2.220446049250313e-14,Yahoo Finance daily closing rates,"Directed, 5-node, fully connected (20 edges/day)",0.02,0.1,Daily closing FX rates are mid-market consensus prices — triangularly consistent by construction (no exploitable arb at EOD),2.220446049250313e-14
2023-07-04,0.91633,0.78784,144.584,1.3248,False,0.0,,0,1.0,0.0,CAD -> EUR -> JPY -> CAD,False,0.0,,0,1.0,0.0,CAD -> EUR -> JPY -> CAD,6.411966898546955,0.0,1.0000000000000002,USD->CAD->EUR->USD,2.220446049250313e-14,1.0000000000000002,USD->GBP->CAD->EUR->USD,2.220446049250313e-14,Yahoo Finance daily closing rates,"Directed, 5-node, fully connected (20 edges/day)",0.02,0.1,Daily closing FX rates are mid-market consensus prices — triangularly consistent by construction (no exploitable arb at EOD),2.220446049250313e-14
2023-07-05,0.9187,0.78631,144.406006,1.32235,False,0.0,,0,1.0,0.0,,False,0.0,,0,1.0,0.0,,5.318930821376731,0.0,1.0000000000000002,GBP->USD->EUR->GBP,2.220446049250313e-14,1.0000000000000002,EUR->USD->CAD->JPY->EUR,2.220446049250313e-14,Yahoo Finance daily closing rates,"Directed, 5-node, fully connected (20 edges/day)",0.02,0.1,Daily closing FX rates are mid-market consensus prices — triangularly consistent by construction (no exploitable arb at EOD),2.220446049250313e-14
2023-07-06,0.9211,0.78712,144.488998,1.32859,False,0.0,,0,1.0,0.0,CAD -> USD -> JPY -> CAD,False,0.0,,0,1.0,0.0,CAD -> USD -> JPY -> CAD,5.034295873258622,0.0,1.0000000000000002,EUR->JPY->CAD->EUR,2.220446049250313e-14,1.0000000000000002,EUR->USD->JPY->CAD->EUR,2.220446049250313e-14,Yahoo Finance daily closing rates,"Directed, 5-node, fully connected (20 edges/day)",0.02,0.1,Daily closing FX rates are mid-market consensus prices — triangularly consistent by construction (no exploitable arb at EOD),2.220446049250313e-14
2023-07-07,0.91822,0.78476,143.951004,1.33654,False,0.0,,0,1.0,0.0,,False,0.0,,0,1.0,0.0,,4.751119365482579,0.0,1.0000000000000002,USD->GBP->EUR->USD,2.220446049250313e-14,1.0000000000000004,USD->CAD->GBP->EUR->USD,4.440892098500626e-14,Yahoo Finance daily closing rates,"Directed, 5-node, fully connected (20 edges/day)",0.02,0.1,Daily closing FX rates are mid-market consensus prices — triangularly consistent by construction (no exploitable arb at EOD),2.220446049250313e-14
2023-07-10,0.9116,0.77888,142.209,1.3278,False,0.0,,0,1.0,0.0,CAD -> USD -> EUR -> CAD,False,0.0,,0,1.0,0.0,CAD -> USD -> EUR -> CAD,6.613864016305159,0.0,1.0000000000000002,EUR->JPY->USD->EUR,2.220446049250313e-14,1.0000000000000002,USD->GBP->EUR->JPY->USD,2.220446049250313e-14,Yahoo Finance daily closing rates,"Directed, 5-node, fully connected (20 edges/day)",0.02,0.1,Daily closing FX rates are mid-market consensus prices — triangularly consistent by construction (no exploitable arb at EOD),2.220446049250313e-14
2023-07-11,0.9086,0.77732,141.296997,1.3274,False,0.0,,0,1.0,0.0,,False,0.0,,0,1.0,0.0,,6.742169626439855,0.0,1.0000000000000002,USD->CAD->GBP->USD,2.220446049250313e-14,1.0000000000000002,USD->EUR->CAD->GBP->USD,2.220446049250313e-14,Yahoo Finance daily closing rates,"Directed, 5-node, fully connected (20 edges/day)",0.02,0.1,Daily closing FX rates are mid-market consensus prices — triangularly consistent by construction (no exploitable arb at EOD),2.220446049250313e-14
2023-07-12,0.90793,0.77311,140.117996,1.32277,False,0.0,,0,1.0,0.0,,False,0.0,,0,1.0,0.0,,5.754778204465475,0.0,1.0000000000000002,EUR->USD->GBP->EUR,2.220446049250313e-14,1.0000000000000002,EUR->USD->GBP->JPY->EUR,2.220446049250313e-14,Yahoo Finance daily closing rates,"Directed, 5-node, fully connected (20 edges/day)",0.02,0.1,Daily closing FX rates are mid-market consensus prices — triangularly consistent by construction (no exploitable arb at EOD),2.220446049250313e-14
2023-07-13,0.8973,0.76945,138.315002,1.31828,False,0.0,,0,1.0,0.0,,False,0.0,,0,1.0,0.0,,6.883465546170048,0.0,1.0000000000000002,GBP->CAD->USD->GBP,2.220446049250313e-14,1.0000000000000002,GBP->EUR->JPY->USD->GBP,2.220446049250313e-14,Yahoo Finance daily closing rates,"Directed, 5-node, fully connected (20 edges/day)",0.02,0.1,Daily closing FX rates are mid-market consensus prices — triangularly consistent by construction (no exploitable arb at EOD),2.220446049250313e-14
2023-07-14,0.89099,0.7617,138.074997,1.31125,False,0.0,,0,1.0,0.0,,False,0.0,,0,1.0,0.0,,6.6889027107130214,0.0,1.0000000000000002,EUR->JPY->USD->EUR,2.220446049250313e-14,1.0000000000000002,EUR->GBP->JPY->USD->EUR,2.220446049250313e-14,Yahoo Finance daily closing rates,"Directed, 5-node, fully connected (20 edges/day)",0.02,0.1,Daily closing FX rates are mid-market consensus prices — triangularly consistent by construction (no exploitable arb at EOD),2.220446049250313e-14
2023-07-17,0.89065,0.76393,138.682007,1.3225,False,0.0,,0,1.0,0.0,,False,0.0,,0,1.0,0.0,,7.61090252367603,0.0,1.0000000000000002,USD->GBP->EUR->USD,2.220446049250313e-14,1.0000000000000002,USD->JPY->GBP->EUR->USD,2.220446049250313e-14,Yahoo Finance daily closing rates,"Directed, 5-node, fully connected (20 edges/day)",0.02,0.1,Daily closing FX rates are mid-market consensus prices — triangularly consistent by construction (no exploitable arb at EOD),2.220446049250313e-14
2023-07-18,0.88987,0.76501,138.729004,1.32015,False,0.0,,0,1.0,0.0,,False,0.0,,0,1.0,0.0,,8.062611044598855,0.0,1.0000000000000002,CAD->USD->GBP->CAD,2.220446049250313e-14,1.0000000000000002,CAD->USD->JPY->EUR->CAD,2.220446049250313e-14,Yahoo Finance daily closing rates,"Directed, 5-node, fully connected (20 edges/day)",0.02,0.1,Daily closing FX rates are mid-market consensus prices — triangularly consistent by construction (no exploitable arb at EOD),2.220446049250313e-14
2023-07-19,0.89056,0.76716,139.026993,1.31662,False,0.0,,0,1.0,0.0,GBP -> USD -> EUR -> GBP,False,0.0,,0,1.0,0.0,GBP -> USD -> EUR -> GBP,8.526053779199575,0.0,1.0000000000000002,GBP->USD->EUR->GBP,2.220446049250313e-14,1.0000000000000002,GBP->USD->CAD->EUR->GBP,2.220446049250313e-14,Yahoo Finance daily closing rates,"Directed, 5-node, fully connected (20 edges/day)",0.02,0.1,Daily closing FX rates are mid-market consensus prices — triangularly consistent by construction (no exploitable arb at EOD),2.220446049250313e-14
2023-07-20,0.89244,0.77281,139.598007,1.3163,False,0.0,,0,1.0,0.0,,False,0.0,,0,1.0,0.0,,5.604848697922337,0.0,1.0000000000000002,GBP->EUR->USD->GBP,2.220446049250313e-14,1.0000000000000002,GBP->USD->EUR->CAD->GBP,2.220446049250313e-14,Yahoo Finance daily closing rates,"Directed, 5-node, fully connected (20 edges/day)",0.02,0.1,Daily closing FX rates are mid-market consensus prices — triangularly consistent by construction (no exploitable arb at EOD),2.220446049250313e-14
2023-07-21,0.8979,0.77686,139.863998,1.31742,False,0.0,,0,1.0,0.0,,False,0.0,,0,1.0,0.0,,4.435454161546742,0.0,1.0000000000000002,EUR->GBP->CAD->EUR,2.220446049250313e-14,1.0000000000000002,EUR->USD->GBP->CAD->EUR,2.220446049250313e-14,Yahoo Finance daily closing rates,"Directed, 5-node, fully connected (20 edges/day)",0.02,0.1,Daily closing FX rates are mid-market consensus prices — triangularly consistent by construction (no exploitable arb at EOD),2.220446049250313e-14
2023-07-24,0.89885,0.778,141.75,1.3224,False,0.0,,0,1.0,0.0,,False,0.0,,0,1.0,0.0,,4.1500914757125535,0.0,1.0000000000000002,EUR->GBP->USD->EUR,2.220446049250313e-14,1.0000000000000002,USD->GBP->EUR->JPY->USD,2.220446049250313e-14,Yahoo Finance daily closing rates,"Directed, 5-node, fully connected (20 edges/day)",0.02,0.1,Daily closing FX rates are mid-market consensus prices — triangularly consistent by construction (no exploitable arb at EOD),2.220446049250313e-14
2023-07-25,0.9039,0.78048,141.522003,1.31746,False,0.0,,0,1.0,0.0,USD -> EUR -> CAD -> GBP -> USD,False,0.0,,0,1.0,0.0,USD -> EUR -> CAD -> GBP -> USD,4.032784820255488,0.0,1.0000000000000002,USD->CAD->GBP->USD,2.220446049250313e-14,1.0000000000000002,USD->EUR->CAD->GBP->USD,2.220446049250313e-14,Yahoo Finance daily closing rates,"Directed, 5-node, fully connected (20 edges/day)",0.02,0.1,Daily closing FX rates are mid-market consensus prices — triangularly consistent by construction (no exploitable arb at EOD),2.220446049250313e-14
2023-07-26,0.90494,0.77556,140.912994,1.31871,False,0.0,,0,1.0,0.0,EUR -> CAD -> JPY -> GBP -> EUR,False,0.0,,0,1.0,0.0,EUR -> CAD -> JPY -> GBP -> EUR,3.9016205831849673,0.0,1.0000000000000002,GBP->EUR->JPY->GBP,2.220446049250313e-14,1.0000000000000002,GBP->USD->EUR->JPY->GBP,2.220446049250313e-14,Yahoo Finance daily closing rates,"Directed, 5-node, fully connected (20 edges/day)",0.02,0.1,Daily closing FX rates are mid-market consensus prices — triangularly consistent by construction (no exploitable arb at EOD),2.220446049250313e-14
2023-07-27,0.90266,0.77356,140.367004,1.32046,False,0.0,,0,1.0,0.0,,False,0.0,,0,1.0,0.0,,5.694106500886126,0.0,1.0000000000000002,EUR->GBP->CAD->EUR,2.220446049250313e-14,1.0000000000000002,EUR->USD->JPY->CAD->EUR,2.220446049250313e-14,Yahoo Finance daily closing rates,"Directed, 5-node, fully connected (20 edges/day)",0.02,0.1,Daily closing FX rates are mid-market consensus prices — triangularly consistent by construction (no exploitable arb at EOD),2.220446049250313e-14
2023-07-28,0.91085,0.78163,138.863998,1.3227,False,0.0,,0,1.0,0.0,,False,0.0,,0,1.0,0.0,,7.133173171562021,0.0,1.0000000000000002,USD->JPY->GBP->USD,2.220446049250313e-14,1.0000000000000002,USD->EUR->JPY->GBP->USD,2.220446049250313e-14,Yahoo Finance daily closing rates,"Directed, 5-node, fully connected (20 edges/day)",0.02,0.1,Daily closing FX rates are mid-market consensus prices — triangularly consistent by construction (no exploitable arb at EOD),2.220446049250313e-14
2023-07-31,0.90709,0.77797,140.757996,1.3251,False,0.0,,0,1.0,0.0,,False,0.0,,0,1.0,0.0,,8.73505498758776,0.0,1.0000000000000002,EUR->USD->JPY->EUR,2.220446049250313e-14,1.0000000000000002,EUR->USD->GBP->JPY->EUR,2.220446049250313e-14,Yahoo Finance daily closing rates,"Directed, 5-node, fully connected (20 edges/day)",0.02,0.1,Daily closing FX rates are mid-market consensus prices — triangularly consistent by construction (no exploitable arb at EOD),2.220446049250313e-14
2023-08-01,0.90929,0.77918,142.322998,1.3192,False,0.0,,0,1.0,0.0,EUR -> CAD -> EUR,False,0.0,,0,1.0,0.0,EUR -> CAD -> EUR,8.14014935202248,0.0,1.0000000000000002,EUR->GBP->CAD->EUR,2.220446049250313e-14,1.0000000000000002,EUR->USD->GBP->CAD->EUR,2.220446049250313e-14,Yahoo Finance daily closing rates,"Directed, 5-node, fully connected (20 edges/day)",0.02,0.1,Daily closing FX rates are mid-market consensus prices — triangularly consistent by construction (no exploitable arb at EOD),2.220446049250313e-14
2023-08-02,0.90844,0.78151,142.970001,1.32685,False,0.0,,0,1.0,0.0,,False,0.0,,0,1.0,0.0,,8.279867892650508,0.0,1.0000000000000002,JPY->USD->GBP->JPY,2.220446049250313e-14,1.0000000000000002,USD->GBP->EUR->JPY->USD,2.220446049250313e-14,Yahoo Finance daily closing rates,"Directed, 5-node, fully connected (20 edges/day)",0.02,0.1,Daily closing FX rates are mid-market consensus prices — triangularly consistent by construction (no exploitable arb at EOD),2.220446049250313e-14
2023-08-03,0.91373,0.78614,143.343994,1.33434,False,0.0,,0,1.0,0.0,EUR -> USD -> CAD -> EUR,False,0.0,,0,1.0,0.0,EUR -> USD -> CAD -> EUR,8.30319591037408,0.0,1.0000000000000002,CAD->USD->JPY->CAD,2.220446049250313e-14,1.0000000000000002,GBP->CAD->USD->EUR->GBP,2.220446049250313e-14,Yahoo Finance daily closing rates,"Directed, 5-node, fully connected (20 edges/day)",0.02,0.1,Daily closing FX rates are mid-market consensus prices — triangularly consistent by construction (no exploitable arb at EOD),2.220446049250313e-14
2023-08-04,0.91311,0.78639,142.598007,1.33506,False,0.0,,0,1.0,0.0,,False,0.0,,0,1.0,0.0,,5.981929789647544,0.0,1.0000000000000002,EUR->USD->CAD->EUR,2.220446049250313e-14,1.0000000000000002,EUR->USD->JPY->CAD->EUR,2.220446049250313e-14,Yahoo Finance daily closing rates,"Directed, 5-node, fully connected (20 edges/day)",0.02,0.1,Daily closing FX rates are mid-market consensus prices — triangularly consistent by construction (no exploitable arb at EOD),2.220446049250313e-14
2023-08-07,0.90887,0.78444,141.876007,1.3373,False,0.0,,0,1.0,0.0,,False,0.0,,0,1.0,0.0,,6.240218883622091,0.0,1.0000000000000002,USD->CAD->GBP->USD,2.220446049250313e-14,1.0000000000000002,USD->EUR->CAD->GBP->USD,2.220446049250313e-14,Yahoo Finance daily closing rates,"Directed, 5-node, fully connected (20 edges/day)",0.02,0.1,Daily closing FX rates are mid-market consensus prices — triangularly consistent by construction (no exploitable arb at EOD),2.220446049250313e-14
2023-08-08,0.90883,0.78235,142.524002,1.33712,False,0.0,,0,1.0,0.0,,False,0.0,,0,1.0,0.0,,5.9746688179947975,0.0,1.0000000000000002,EUR->JPY->USD->EUR,2.220446049250313e-14,1.0000000000000002,EUR->USD->CAD->JPY->EUR,2.220446049250313e-14,Yahoo Finance daily closing rates,"Directed, 5-node, fully connected (20 edges/day)",0.02,0.1,Daily closing FX rates are mid-market consensus prices — triangularly consistent by construction (no exploitable arb at EOD),2.220446049250313e-14
2023-08-09,0.9125,0.78483,143.278,1.3425,False,0.0,,0,1.0,0.0,,False,0.0,,0,1.0,0.0,,6.550138203750958,0.0,1.0000000000000002,EUR->GBP->JPY->EUR,2.220446049250313e-14,1.0000000000000002,EUR->GBP->JPY->USD->EUR,2.220446049250313e-14,Yahoo Finance daily closing rates,"Directed, 5-node, fully connected (20 edges/day)",0.02,0.1,Daily closing FX rates are mid-market consensus prices — triangularly consistent by construction (no exploitable arb at EOD),2.220446049250313e-14
2023-08-10,0.91094,0.78616,143.727005,1.34188,False,0.0,,0,1.0,0.0,CAD -> USD -> JPY -> CAD,False,0.0,,0,1.0,0.0,CAD -> USD -> JPY -> CAD,4.983652226775752,0.0,1.0000000000000002,EUR->GBP->USD->EUR,2.220446049250313e-14,1.0000000000000002,EUR->GBP->USD->CAD->EUR,2.220446049250313e-14,Yahoo Finance daily closing rates,"Directed, 5-node, fully connected (20 edges/day)",0.02,0.1,Daily closing FX rates are mid-market consensus prices — triangularly consistent by construction (no exploitable arb at EOD),2.220446049250313e-14
2023-08-11,0.91061,0.78926,144.854004,1.34448,False,0.0,,0,1.0,0.0,EUR -> USD -> GBP -> EUR,False,0.0,,0,1.0,0.0,EUR -> USD -> GBP -> EUR,4.986028815196022,0.0,1.0000000000000002,USD->GBP->EUR->USD,2.220446049250313e-14,1.0000000000000002,USD->GBP->EUR->CAD->USD,2.220446049250313e-14,Yahoo Finance daily closing rates,"Directed, 5-node, fully connected (20 edges/day)",0.02,0.1,Daily closing FX rates are mid-market consensus prices — triangularly consistent by construction (no exploitable arb at EOD),2.220446049250313e-14
2023-08-14,0.91371,0.78771,144.817001,1.34398,False,0.0,,0,1.0,0.0,,False,0.0,,0,1.0,0.0,,3.985288048525755,0.0,1.0000000000000002,USD->JPY->GBP->USD,2.220446049250313e-14,1.0000000000000002,USD->EUR->JPY->GBP->USD,2.220446049250313e-14,Yahoo Finance daily closing rates,"Directed, 5-node, fully connected (20 edges/day)",0.02,0.1,Daily closing FX rates are mid-market consensus prices — triangularly consistent by construction (no exploitable arb at EOD),2.220446049250313e-14
2023-08-15,0.9166,0.78832,145.436996,1.34588,False,0.0,,0,1.0,0.0,,False,0.0,,0,1.0,0.0,,4.072674180484042,0.0,1.0000000000000002,EUR->USD->GBP->EUR,2.220446049250313e-14,1.0000000000000002,EUR->USD->GBP->JPY->EUR,2.220446049250313e-14,Yahoo Finance daily closing rates,"Directed, 5-node, fully connected (20 edges/day)",0.02,0.1,Daily closing FX rates are mid-market consensus prices — triangularly consistent by construction (no exploitable arb at EOD),2.220446049250313e-14
2023-08-16,0.91708,0.78732,145.608002,1.34901,False,0.0,,0,1.0,0.0,CAD -> JPY -> CAD,False,0.0,,0,1.0,0.0,CAD -> JPY -> CAD,3.5356337966918563,0.0,1.0000000000000002,GBP->JPY->USD->GBP,2.220446049250313e-14,1.0000000000000002,USD->GBP->EUR->JPY->USD,2.220446049250313e-14,Yahoo Finance daily closing rates,"Directed, 5-node, fully connected (20 edges/day)",0.02,0.1,Daily closing FX rates are mid-market consensus prices — triangularly consistent by construction (no exploitable arb at EOD),2.220446049250313e-14
2023-08-17,0.91955,0.78566,146.332993,1.35366,False,0.0,,0,1.0,0.0,,False,0.0,,0,1.0,0.0,,2.6872858651243856,0.0,1.0000000000000002,EUR->USD->GBP->EUR,2.220446049250313e-14,1.0000000000000002,EUR->USD->GBP->JPY->EUR,2.220446049250313e-14,Yahoo Finance daily closing rates,"Directed, 5-node, fully connected (20 edges/day)",0.02,0.1,Daily closing FX rates are mid-market consensus prices — triangularly consistent by construction (no exploitable arb at EOD),2.220446049250313e-14
2023-08-18,0.91957,0.7843,145.714005,1.35452,False,0.0,,0,1.0,0.0,,False,0.0,,0,1.0,0.0,,2.491984929553069,0.0,1.0000000000000002,CAD->JPY->USD->CAD,2.220446049250313e-14,1.0000000000000002,GBP->USD->CAD->JPY->GBP,2.220446049250313e-14,Yahoo Finance daily closing rates,"Directed, 5-node, fully connected (20 edges/day)",0.02,0.1,Daily closing FX rates are mid-market consensus prices — triangularly consistent by construction (no exploitable arb at EOD),2.220446049250313e-14
2023-08-21,0.91949,0.78481,145.304993,1.35416,False,0.0,,0,1.0,0.0,,False,0.0,,0,1.0,0.0,,2.4510935762953867,0.0,1.0000000000000002,GBP->EUR->USD->GBP,2.220446049250313e-14,1.0000000000000002,EUR->USD->GBP->JPY->EUR,2.220446049250313e-14,Yahoo Finance daily closing rates,"Directed, 5-node, fully connected (20 edges/day)",0.02,0.1,Daily closing FX rates are mid-market consensus prices — triangularly consistent by construction (no exploitable arb at EOD),2.220446049250313e-14
2023-08-22,0.91757,0.78365,146.238007,1.3543,False,0.0,,0,1.0,0.0,,False,0.0,,0,1.0,0.0,,2.7105777999845984,0.0,1.0000000000000002,GBP->CAD->USD->GBP,2.220446049250313e-14,1.0000000000000002,GBP->EUR->CAD->USD->GBP,2.220446049250313e-14,Yahoo Finance daily closing rates,"Directed, 5-node, fully connected (20 edges/day)",0.02,0.1,Daily closing FX rates are mid-market consensus prices — triangularly consistent by construction (no exploitable arb at EOD),2.220446049250313e-14
2023-08-23,0.92194,0.78545,145.763,1.35501,False,0.0,,0,1.0,0.0,,False,0.0,,0,1.0,0.0,,4.244714504146755,0.0,1.0000000000000002,USD->CAD->GBP->USD,2.220446049250313e-14,1.0000000000000002,USD->EUR->CAD->GBP->USD,2.220446049250313e-14,Yahoo Finance daily closing rates,"Directed, 5-node, fully connected (20 edges/day)",0.02,0.1,Daily closing FX rates are mid-market consensus prices — triangularly consistent by construction (no exploitable arb at EOD),2.220446049250313e-14
2023-08-24,0.92032,0.78613,144.673004,1.35237,False,0.0,,0,1.0,0.0,JPY -> GBP -> CAD -> JPY,False,0.0,,0,1.0,0.0,JPY -> GBP -> CAD -> JPY,4.340519277742359,0.0,1.0000000000000002,USD->JPY->EUR->USD,2.220446049250313e-14,1.0000000000000002,USD->GBP->JPY->EUR->USD,2.220446049250313e-14,Yahoo Finance daily closing rates,"Directed, 5-node, fully connected (20 edges/day)",0.02,0.1,Daily closing FX rates are mid-market consensus prices — triangularly consistent by construction (no exploitable arb at EOD),2.220446049250313e-14
2023-08-25,0.926,0.7941,146.067001,1.35868,False,0.0,,0,1.0,0.0,,False,0.0,,0,1.0,0.0,,6.054763287805479,0.0,1.0000000000000002,EUR->JPY->CAD->EUR,2.220446049250313e-14,1.0000000000000002,EUR->USD->JPY->CAD->EUR,2.220446049250313e-14,Yahoo Finance daily closing rates,"Directed, 5-node, fully connected (20 edges/day)",0.02,0.1,Daily closing FX rates are mid-market consensus prices — triangularly consistent by construction (no exploitable arb at EOD),2.220446049250313e-14
2023-08-28,0.92615,0.7943,146.531006,1.3594,False,0.0,,0,1.0,0.0,,False,0.0,,0,1.0,0.0,,6.018880267967631,0.0,1.0000000000000002,EUR->JPY->USD->EUR,2.220446049250313e-14,1.0000000000000002,USD->GBP->EUR->JPY->USD,2.220446049250313e-14,Yahoo Finance daily closing rates,"Directed, 5-node, fully connected (20 edges/day)",0.02,0.1,Daily closing FX rates are mid-market consensus prices — triangularly consistent by construction (no exploitable arb at EOD),2.220446049250313e-14
2023-08-29,0.92374,0.79295,146.464005,1.36011,False,0.0,,0,1.0,0.0,,False,0.0,,0,1.0,0.0,,6.217308893461873,0.0,1.0000000000000002,EUR->CAD->USD->EUR,2.220446049250313e-14,1.0000000000000002,EUR->CAD->USD->GBP->EUR,2.220446049250313e-14,Yahoo Finance daily closing rates,"Directed, 5-node, fully connected (20 edges/day)",0.02,0.1,Daily closing FX rates are mid-market consensus prices — triangularly consistent by construction (no exploitable arb at EOD),2.220446049250313e-14
2023-08-30,0.92003,0.79134,145.988007,1.35589,False,0.0,,0,1.0,0.0,,False,0.0,,0,1.0,0.0,,6.305025039520154,0.0,1.0000000000000002,EUR->JPY->GBP->EUR,2.220446049250313e-14,1.0000000000000002,EUR->USD->JPY->GBP->EUR,2.220446049250313e-14,Yahoo Finance daily closing rates,"Directed, 5-node, fully connected (20 edges/day)",0.02,0.1,Daily closing FX rates are mid-market consensus prices — triangularly consistent by construction (no exploitable arb at EOD),2.220446049250313e-14
2023-08-31,0.9147,0.786671,146.098999,1.35353,False,0.0,,0,1.0,0.0,,False,0.0,,0,1.0,0.0,,7.408545310794268,0.0,1.0000000000000002,USD->GBP->EUR->USD,2.220446049250313e-14,1.0000000000000002,USD->GBP->EUR->JPY->USD,2.220446049250313e-14,Yahoo Finance daily closing rates,"Directed, 5-node, fully connected (20 edges/day)",0.02,0.1,Daily closing FX rates are mid-market consensus prices — triangularly consistent by construction (no exploitable arb at EOD),2.220446049250313e-14
2023-09-01,0.92216,0.78909,145.473007,1.35097,False,0.0,,0,1.0,0.0,,False,0.0,,0,1.0,0.0,,8.669118105781358,0.0,1.0000000000000002,USD->CAD->GBP->USD,2.220446049250313e-14,1.0000000000000002,USD->EUR->CAD->GBP->USD,2.220446049250313e-14,Yahoo Finance daily closing rates,"Directed, 5-node, fully connected (20 edges/day)",0.02,0.1,Daily closing FX rates are mid-market consensus prices — triangularly consistent by construction (no exploitable arb at EOD),2.220446049250313e-14
2023-09-04,0.928,0.79419,146.057007,1.35945,False,0.0,,0,1.0,0.0,,False,0.0,,0,1.0,0.0,,10.095495191276308,0.0,1.0000000000000002,EUR->USD->GBP->EUR,2.220446049250313e-14,1.0000000000000002,EUR->USD->GBP->CAD->EUR,2.220446049250313e-14,Yahoo Finance daily closing rates,"Directed, 5-node, fully connected (20 edges/day)",0.02,0.1,Daily closing FX rates are mid-market consensus prices — triangularly consistent by construction (no exploitable arb at EOD),2.220446049250313e-14
2023-09-05,0.9264,0.7922,146.542999,1.35987,False,0.0,,0,1.0,0.0,,False,0.0,,0,1.0,0.0,,9.948765369494108,0.0,1.0000000000000002,EUR->CAD->GBP->EUR,2.220446049250313e-14,1.0000000000000002,USD->GBP->EUR->CAD->USD,2.220446049250313e-14,Yahoo Finance daily closing rates,"Directed, 5-node, fully connected (20 edges/day)",0.02,0.1,Daily closing FX rates are mid-market consensus prices — triangularly consistent by construction (no exploitable arb at EOD),2.220446049250313e-14
2023-09-06,0.9323,0.79551,147.470993,1.36389,False,0.0,,0,1.0,0.0,CAD -> EUR -> JPY -> CAD,False,0.0,,0,1.0,0.0,CAD -> EUR -> JPY -> CAD,9.648452232182525,0.0,1.0000000000000002,EUR->USD->GBP->EUR,2.220446049250313e-14,1.0000000000000002,EUR->USD->GBP->CAD->EUR,2.220446049250313e-14,Yahoo Finance daily closing rates,"Directed, 5-node, fully connected (20 edges/day)",0.02,0.1,Daily closing FX rates are mid-market consensus prices — triangularly consistent by construction (no exploitable arb at EOD),2.220446049250313e-14
2023-09-07,0.93247,0.80008,147.709,1.3639,False,0.0,,0,1.0,0.0,,False,0.0,,0,1.0,0.0,,6.878607929105959,0.0,1.0000000000000002,EUR->CAD->GBP->EUR,2.220446049250313e-14,1.0000000000000002,EUR->USD->CAD->GBP->EUR,2.220446049250313e-14,Yahoo Finance daily closing rates,"Directed, 5-node, fully connected (20 edges/day)",0.02,0.1,Daily closing FX rates are mid-market consensus prices — triangularly consistent by construction (no exploitable arb at EOD),2.220446049250313e-14
2023-09-08,0.93477,0.8016,147.330994,1.36835,False,0.0,,0,1.0,0.0,,False,0.0,,0,1.0,0.0,,5.742589804864613,0.0,1.0000000000000002,USD->GBP->EUR->USD,2.220446049250313e-14,1.0000000000000002,USD->GBP->EUR->JPY->USD,2.220446049250313e-14,Yahoo Finance daily closing rates,"Directed, 5-node, fully connected (20 edges/day)",0.02,0.1,Daily closing FX rates are mid-market consensus prices — triangularly consistent by construction (no exploitable arb at EOD),2.220446049250313e-14
2023-09-11,0.933,0.800641,147.113007,1.3627,False,0.0,,0,1.0,0.0,,False,0.0,,0,1.0,0.0,,5.453152884614951,0.0,1.0000000000000002,USD->GBP->EUR->USD,2.220446049250313e-14,1.0000000000000002,USD->GBP->EUR->JPY->USD,2.220446049250313e-14,Yahoo Finance daily closing rates,"Directed, 5-node, fully connected (20 edges/day)",0.02,0.1,Daily closing FX rates are mid-market consensus prices — triangularly consistent by construction (no exploitable arb at EOD),2.220446049250313e-14
2023-09-12,0.9302,0.79944,146.677994,1.35787,False,0.0,,0,1.0,0.0,CAD -> GBP -> JPY -> CAD,False,0.0,,0,1.0,0.0,CAD -> GBP -> JPY -> CAD,5.92273445733484,0.0,1.0000000000000002,USD->JPY->GBP->USD,2.220446049250313e-14,1.0000000000000002,USD->EUR->JPY->GBP->USD,2.220446049250313e-14,Yahoo Finance daily closing rates,"Directed, 5-node, fully connected (20 edges/day)",0.02,0.1,Daily closing FX rates are mid-market consensus prices — triangularly consistent by construction (no exploitable arb at EOD),2.220446049250313e-14
2023-09-13,0.92995,0.80053,147.158005,1.3551,False,0.0,,0,1.0,0.0,,False,0.0,,0,1.0,0.0,,3.3228822106883444,0.0,1.0000000000000002,GBP->EUR->CAD->GBP,2.220446049250313e-14,1.0000000000000002,GBP->USD->EUR->CAD->GBP,2.220446049250313e-14,Yahoo Finance daily closing rates,"Directed, 5-node, fully connected (20 edges/day)",0.02,0.1,Daily closing FX rates are mid-market consensus prices — triangularly consistent by construction (no exploitable arb at EOD),2.220446049250313e-14
2023-09-14,0.9316,0.80067,147.345993,1.35525,False,0.0,,0,1.0,0.0,,False,0.0,,0,1.0,0.0,,3.700431374236641,0.0,1.0000000000000002,EUR->CAD->USD->EUR,2.220446049250313e-14,1.0000000000000002,EUR->JPY->GBP->USD->EUR,2.220446049250313e-14,Yahoo Finance daily closing rates,"Directed, 5-node, fully connected (20 edges/day)",0.02,0.1,Daily closing FX rates are mid-market consensus prices — triangularly consistent by construction (no exploitable arb at EOD),2.220446049250313e-14
2023-09-15,0.9401,0.80633,147.481995,1.35148,False,0.0,,0,1.0,0.0,,False,0.0,,0,1.0,0.0,,7.607793785244775,0.0,1.0,USD->EUR->GBP->USD,0.0,1.0000000000000002,EUR->GBP->CAD->USD->EUR,2.220446049250313e-14,Yahoo Finance daily closing rates,"Directed, 5-node, fully connected (20 edges/day)",0.02,0.1,Daily closing FX rates are mid-market consensus prices — triangularly consistent by construction (no exploitable arb at EOD),0.0
2023-09-18,0.93736,0.80661,147.867996,1.35219,False,0.0,,0,1.0,0.0,EUR -> CAD -> EUR,False,0.0,,0,1.0,0.0,EUR -> CAD -> EUR,7.894132462246698,0.0,1.0000000000000002,USD->JPY->CAD->USD,2.220446049250313e-14,1.0000000000000002,USD->EUR->JPY->CAD->USD,2.220446049250313e-14,Yahoo Finance daily closing rates,"Directed, 5-node, fully connected (20 edges/day)",0.02,0.1,Daily closing FX rates are mid-market consensus prices — triangularly consistent by construction (no exploitable arb at EOD),2.220446049250313e-14
2023-09-19,0.93522,0.80751,147.604996,1.3487,False,0.0,,0,1.0,0.0,,False,0.0,,0,1.0,0.0,,7.681547074621273,0.0,1.0000000000000002,EUR->CAD->USD->EUR,2.220446049250313e-14,1.0000000000000002,EUR->GBP->CAD->USD->EUR,2.220446049250313e-14,Yahoo Finance daily closing rates,"Directed, 5-node, fully connected (20 edges/day)",0.02,0.1,Daily closing FX rates are mid-market consensus prices — triangularly consistent by construction (no exploitable arb at EOD),2.220446049250313e-14
2023-09-20,0.93615,0.80687,147.742004,1.34427,False,0.0,,0,1.0,0.0,,False,0.0,,0,1.0,0.0,,7.59404204986236,0.0,1.0000000000000002,EUR->GBP->CAD->EUR,2.220446049250313e-14,1.0000000000000002,USD->GBP->EUR->JPY->USD,2.220446049250313e-14,Yahoo Finance daily closing rates,"Directed, 5-node, fully connected (20 edges/day)",0.02,0.1,Daily closing FX rates are mid-market consensus prices — triangularly consistent by construction (no exploitable arb at EOD),2.220446049250313e-14
2023-09-21,0.9387,0.8111,148.320999,1.34767,False,0.0,,0,1.0,0.0,,False,0.0,,0,1.0,0.0,,7.658439989141269,0.0,1.0000000000000002,EUR->USD->GBP->EUR,2.220446049250313e-14,1.0000000000000004,USD->JPY->GBP->EUR->USD,4.440892098500626e-14,Yahoo Finance daily closing rates,"Directed, 5-node, fully connected (20 edges/day)",0.02,0.1,Daily closing FX rates are mid-market consensus prices — triangularly consistent by construction (no exploitable arb at EOD),2.220446049250313e-14
2023-09-22,0.93795,0.81339,147.643997,1.34775,False,0.0,,0,1.0,0.0,,False,0.0,,0,1.0,0.0,,3.69926799179572,0.0,1.0000000000000002,EUR->CAD->JPY->EUR,2.220446049250313e-14,1.0000000000000002,EUR->USD->CAD->JPY->EUR,2.220446049250313e-14,Yahoo Finance daily closing rates,"Directed, 5-node, fully connected (20 edges/day)",0.02,0.1,Daily closing FX rates are mid-market consensus prices — triangularly consistent by construction (no exploitable arb at EOD),2.220446049250313e-14
2023-09-25,0.9391,0.81687,148.434006,1.3477,False,0.0,,0,1.0,0.0,,False,0.0,,0,1.0,0.0,,3.080631422482945,0.0,1.0000000000000002,USD->CAD->GBP->USD,2.220446049250313e-14,1.0000000000000002,USD->EUR->CAD->GBP->USD,2.220446049250313e-14,Yahoo Finance daily closing rates,"Directed, 5-node, fully connected (20 edges/day)",0.02,0.1,Daily closing FX rates are mid-market consensus prices — triangularly consistent by construction (no exploitable arb at EOD),2.220446049250313e-14
2023-09-26,0.94414,0.81879,148.811005,1.34504,False,0.0,,0,1.0,0.0,,False,0.0,,0,1.0,0.0,,3.650687994118565,0.0,1.0000000000000002,USD->JPY->CAD->USD,2.220446049250313e-14,1.0000000000000002,USD->EUR->JPY->CAD->USD,2.220446049250313e-14,Yahoo Finance daily closing rates,"Directed, 5-node, fully connected (20 edges/day)",0.02,0.1,Daily closing FX rates are mid-market consensus prices — triangularly consistent by construction (no exploitable arb at EOD),2.220446049250313e-14
2023-09-27,0.94612,0.82326,149.044998,1.35196,False,0.0,,0,1.0,0.0,,False,0.0,,0,1.0,0.0,,3.561396361407221,0.0,1.0000000000000002,EUR->GBP->CAD->EUR,2.220446049250313e-14,1.0000000000000002,EUR->USD->GBP->CAD->EUR,2.220446049250313e-14,Yahoo Finance daily closing rates,"Directed, 5-node, fully connected (20 edges/day)",0.02,0.1,Daily closing FX rates are mid-market consensus prices — triangularly consistent by construction (no exploitable arb at EOD),2.220446049250313e-14
2023-09-28,0.9519,0.82404,149.498001,1.3501,False,0.0,,0,1.0,0.0,,False,0.0,,0,1.0,0.0,,4.578527534406016,0.0,1.0000000000000002,EUR->GBP->USD->EUR,2.220446049250313e-14,1.0000000000000002,EUR->GBP->USD->JPY->EUR,2.220446049250313e-14,Yahoo Finance daily closing rates,"Directed, 5-node, fully connected (20 edges/day)",0.02,0.1,Daily closing FX rates are mid-market consensus prices — triangularly consistent by construction (no exploitable arb at EOD),2.220446049250313e-14
2023-09-29,0.94675,0.81935,149.337006,1.3491,False,0.0,,0,1.0,0.0,CAD -> EUR -> JPY -> CAD,False,0.0,,0,1.0,0.0,CAD -> EUR -> JPY -> CAD,7.258272546114088,0.0,1.0000000000000002,EUR->USD->GBP->EUR,2.220446049250313e-14,1.0000000000000002,EUR->USD->GBP->JPY->EUR,2.220446049250313e-14,Yahoo Finance daily closing rates,"Directed, 5-node, fully connected (20 edges/day)",0.02,0.1,Daily closing FX rates are mid-market consensus prices — triangularly consistent by construction (no exploitable arb at EOD),2.220446049250313e-14
2023-10-02,0.9465,0.82014,149.539993,1.35737,False,0.0,,0,1.0,0.0,,False,0.0,,0,1.0,0.0,,7.416608405490052,0.0,1.0000000000000002,EUR->CAD->GBP->EUR,2.220446049250313e-14,1.0000000000000002,USD->GBP->EUR->CAD->USD,2.220446049250313e-14,Yahoo Finance daily closing rates,"Directed, 5-node, fully connected (20 edges/day)",0.02,0.1,Daily closing FX rates are mid-market consensus prices — triangularly consistent by construction (no exploitable arb at EOD),2.220446049250313e-14
2023-10-03,0.95413,0.82705,149.850998,1.36763,False,0.0,,0,1.0,0.0,,False,0.0,,0,1.0,0.0,,8.448256602984678,0.0,1.0000000000000002,USD->CAD->EUR->USD,2.220446049250313e-14,1.0000000000000002,USD->GBP->CAD->EUR->USD,2.220446049250313e-14,Yahoo Finance daily closing rates,"Directed, 5-node, fully connected (20 edges/day)",0.02,0.1,Daily closing FX rates are mid-market consensus prices — triangularly consistent by construction (no exploitable arb at EOD),2.220446049250313e-14
2023-10-04,0.9549,0.82792,149.192001,1.37091,False,0.0,,0,1.0,0.0,,False,0.0,,0,1.0,0.0,,8.49858502857916,0.0,1.0000000000000002,EUR->JPY->CAD->EUR,2.220446049250313e-14,1.0000000000000002,EUR->GBP->JPY->CAD->EUR,2.220446049250313e-14,Yahoo Finance daily closing rates,"Directed, 5-node, fully connected (20 edges/day)",0.02,0.1,Daily closing FX rates are mid-market consensus prices — triangularly consistent by construction (no exploitable arb at EOD),2.220446049250313e-14
2023-10-05,0.95174,0.8239,148.966003,1.37442,False,0.0,,0,1.0,0.0,,False,0.0,,0,1.0,0.0,,8.156325879968437,0.0,1.0000000000000002,GBP->USD->CAD->GBP,2.220446049250313e-14,1.0000000000000002,GBP->USD->EUR->CAD->GBP,2.220446049250313e-14,Yahoo Finance daily closing rates,"Directed, 5-node, fully connected (20 edges/day)",0.02,0.1,Daily closing FX rates are mid-market consensus prices — triangularly consistent by construction (no exploitable arb at EOD),2.220446049250313e-14
2023-10-06,0.94817,0.8205,148.462997,1.37057,False,0.0,,0,1.0,0.0,GBP -> USD -> JPY -> GBP,False,0.0,,0,1.0,0.0,GBP -> USD -> JPY -> GBP,7.523497678683613,0.0,1.0000000000000002,USD->CAD->GBP->USD,2.220446049250313e-14,1.0000000000000002,USD->EUR->CAD->GBP->USD,2.220446049250313e-14,Yahoo Finance daily closing rates,"Directed, 5-node, fully connected (20 edges/day)",0.02,0.1,Daily closing FX rates are mid-market consensus prices — triangularly consistent by construction (no exploitable arb at EOD),2.220446049250313e-14
2023-10-09,0.9463,0.81827,149.160004,1.36611,False,0.0,,0,1.0,0.0,JPY -> EUR -> JPY,False,0.0,,0,1.0,0.0,JPY -> EUR -> JPY,7.70011675239793,0.0,1.0000000000000002,EUR->CAD->USD->EUR,2.220446049250313e-14,1.0000000000000002,USD->CAD->GBP->JPY->USD,2.220446049250313e-14,Yahoo Finance daily closing rates,"Directed, 5-node, fully connected (20 edges/day)",0.02,0.1,Daily closing FX rates are mid-market consensus prices — triangularly consistent by construction (no exploitable arb at EOD),2.220446049250313e-14
2023-10-10,0.94528,0.8163,148.326996,1.35805,False,0.0,,0,1.0,0.0,,False,0.0,,0,1.0,0.0,,2.911356361166269,0.0,1.0000000000000002,EUR->USD->GBP->EUR,2.220446049250313e-14,1.0000000000000002,EUR->USD->GBP->CAD->EUR,2.220446049250313e-14,Yahoo Finance daily closing rates,"Directed, 5-node, fully connected (20 edges/day)",0.02,0.1,Daily closing FX rates are mid-market consensus prices — triangularly consistent by construction (no exploitable arb at EOD),2.220446049250313e-14
2023-10-11,0.94297,0.81358,148.628006,1.35836,False,0.0,,0,1.0,0.0,,False,0.0,,0,1.0,0.0,,1.6922580437721255,0.0,1.0000000000000002,GBP->JPY->EUR->GBP,2.220446049250313e-14,1.0000000000000002,GBP->USD->JPY->EUR->GBP,2.220446049250313e-14,Yahoo Finance daily closing rates,"Directed, 5-node, fully connected (20 edges/day)",0.02,0.1,Daily closing FX rates are mid-market consensus prices — triangularly consistent by construction (no exploitable arb at EOD),2.220446049250313e-14
2023-10-12,0.94124,0.81193,149.035995,1.35945,False,0.0,,0,1.0,0.0,JPY -> USD -> GBP -> JPY,False,0.0,,0,1.0,0.0,JPY -> USD -> GBP -> JPY,1.5730638968818995,0.0,1.0000000000000002,GBP->JPY->EUR->GBP,2.220446049250313e-14,1.0000000000000002,USD->JPY->EUR->GBP->USD,2.220446049250313e-14,Yahoo Finance daily closing rates,"Directed, 5-node, fully connected (20 edges/day)",0.02,0.1,Daily closing FX rates are mid-market consensus prices — triangularly consistent by construction (no exploitable arb at EOD),2.220446049250313e-14
2023-10-13,0.94906,0.8208,149.789993,1.36838,False,0.0,,0,1.0,0.0,,False,0.0,,0,1.0,0.0,,7.21808824249449,0.0,1.0000000000000002,EUR->GBP->USD->EUR,2.220446049250313e-14,1.0000000000000002,EUR->GBP->JPY->USD->EUR,2.220446049250313e-14,Yahoo Finance daily closing rates,"Directed, 5-node, fully connected (20 edges/day)",0.02,0.1,Daily closing FX rates are mid-market consensus prices — triangularly consistent by construction (no exploitable arb at EOD),2.220446049250313e-14
2023-10-16,0.95043,0.82279,149.565994,1.36443,False,0.0,,0,1.0,0.0,,False,0.0,,0,1.0,0.0,,6.976940814643686,0.0,1.0000000000000002,EUR->GBP->JPY->EUR,2.220446049250313e-14,1.0000000000000002,USD->GBP->EUR->CAD->USD,2.220446049250313e-14,Yahoo Finance daily closing rates,"Directed, 5-node, fully connected (20 edges/day)",0.02,0.1,Daily closing FX rates are mid-market consensus prices — triangularly consistent by construction (no exploitable arb at EOD),2.220446049250313e-14
2023-10-17,0.94748,0.8189,149.578003,1.36144,False,0.0,,0,1.0,0.0,,False,0.0,,0,1.0,0.0,,7.466050239126222,0.0,1.0000000000000002,GBP->USD->EUR->GBP,2.220446049250313e-14,1.0000000000000002,EUR->CAD->GBP->USD->EUR,2.220446049250313e-14,Yahoo Finance daily closing rates,"Directed, 5-node, fully connected (20 edges/day)",0.02,0.1,Daily closing FX rates are mid-market consensus prices — triangularly consistent by construction (no exploitable arb at EOD),2.220446049250313e-14
2023-10-18,0.9458,0.8211,149.759003,1.3653,False,0.0,,0,1.0,0.0,,False,0.0,,0,1.0,0.0,,7.314651166505357,0.0,1.0000000000000002,USD->CAD->GBP->USD,2.220446049250313e-14,1.0000000000000002,USD->EUR->CAD->GBP->USD,2.220446049250313e-14,Yahoo Finance daily closing rates,"Directed, 5-node, fully connected (20 edges/day)",0.02,0.1,Daily closing FX rates are mid-market consensus prices — triangularly consistent by construction (no exploitable arb at EOD),2.220446049250313e-14
2023-10-19,0.9489,0.82349,149.742004,1.37138,False,0.0,,0,1.0,0.0,,False,0.0,,0,1.0,0.0,,7.1399972284658055,0.0,1.0,USD->EUR->GBP->USD,0.0,1.0,USD->EUR->GBP->JPY->USD,0.0,Yahoo Finance daily closing rates,"Directed, 5-node, fully connected (20 edges/day)",0.02,0.1,Daily closing FX rates are mid-market consensus prices — triangularly consistent by construction (no exploitable arb at EOD),0.0
2023-10-20,0.9446,0.82391,149.802002,1.37153,False,0.0,,0,1.0,0.0,,False,0.0,,0,1.0,0.0,,5.131233596603846,0.0,1.0000000000000002,EUR->CAD->USD->EUR,2.220446049250313e-14,1.0000000000000002,EUR->GBP->JPY->USD->EUR,2.220446049250313e-14,Yahoo Finance daily closing rates,"Directed, 5-node, fully connected (20 edges/day)",0.02,0.1,Daily closing FX rates are mid-market consensus prices — triangularly consistent by construction (no exploitable arb at EOD),2.220446049250313e-14
2023-10-23,0.94429,0.8221,149.880005,1.3703,False,0.0,,0,1.0,0.0,EUR -> USD -> GBP -> EUR,False,0.0,,0,1.0,0.0,EUR -> USD -> GBP -> EUR,4.752846455898192,0.0,1.0000000000000002,USD->GBP->EUR->USD,2.220446049250313e-14,1.0000000000000002,USD->EUR->CAD->GBP->USD,2.220446049250313e-14,Yahoo Finance daily closing rates,"Directed, 5-node, fully connected (20 edges/day)",0.02,0.1,Daily closing FX rates are mid-market consensus prices — triangularly consistent by construction (no exploitable arb at EOD),2.220446049250313e-14
2023-10-24,0.93722,0.81631,149.768997,1.36885,False,0.0,,0,1.0,0.0,JPY -> EUR -> GBP -> JPY,False,0.0,,0,1.0,0.0,JPY -> EUR -> GBP -> JPY,6.514560493888669,0.0,1.0000000000000002,JPY->USD->CAD->JPY,2.220446049250313e-14,1.0000000000000002,JPY->USD->EUR->GBP->JPY,2.220446049250313e-14,Yahoo Finance daily closing rates,"Directed, 5-node, fully connected (20 edges/day)",0.02,0.1,Daily closing FX rates are mid-market consensus prices — triangularly consistent by construction (no exploitable arb at EOD),2.220446049250313e-14
2023-10-25,0.94381,0.82224,149.854004,1.37416,False,0.0,,0,1.0,0.0,,False,0.0,,0,1.0,0.0,,9.260835588879052,0.0,1.0000000000000002,GBP->JPY->USD->GBP,2.220446049250313e-14,1.0000000000000002,EUR->GBP->JPY->USD->EUR,2.220446049250313e-14,Yahoo Finance daily closing rates,"Directed, 5-node, fully connected (20 edges/day)",0.02,0.1,Daily closing FX rates are mid-market consensus prices — triangularly consistent by construction (no exploitable arb at EOD),2.220446049250313e-14
2023-10-26,0.94632,0.82621,150.098007,1.38029,False,0.0,,0,1.0,0.0,,False,0.0,,0,1.0,0.0,,9.115151681385088,0.0,1.0000000000000002,EUR->USD->JPY->EUR,2.220446049250313e-14,1.0000000000000002,EUR->USD->CAD->JPY->EUR,2.220446049250313e-14,Yahoo Finance daily closing rates,"Directed, 5-node, fully connected (20 edges/day)",0.02,0.1,Daily closing FX rates are mid-market consensus prices — triangularly consistent by construction (no exploitable arb at EOD),2.220446049250313e-14
2023-10-27,0.94657,0.82392,150.365997,1.3814,False,0.0,,0,1.0,0.0,CAD -> EUR -> GBP -> CAD,False,0.0,,0,1.0,0.0,CAD -> EUR -> GBP -> CAD,8.39768451105495,0.0,1.0000000000000002,EUR->CAD->USD->EUR,2.220446049250313e-14,1.0000000000000002,EUR->GBP->CAD->USD->EUR,2.220446049250313e-14,Yahoo Finance daily closing rates,"Directed, 5-node, fully connected (20 edges/day)",0.02,0.1,Daily closing FX rates are mid-market consensus prices — triangularly consistent by construction (no exploitable arb at EOD),2.220446049250313e-14
2023-10-30,0.94675,0.82551,149.733002,1.38634,False,0.0,,0,1.0,0.0,,False,0.0,,0,1.0,0.0,,8.376753338648099,0.0,1.0000000000000002,USD->JPY->EUR->USD,2.220446049250313e-14,1.0000000000000002,USD->GBP->JPY->EUR->USD,2.220446049250313e-14,Yahoo Finance daily closing rates,"Directed, 5-node, fully connected (20 edges/day)",0.02,0.1,Daily closing FX rates are mid-market consensus prices — triangularly consistent by construction (no exploitable arb at EOD),2.220446049250313e-14
2023-10-31,0.94206,0.82198,149.110992,1.38286,False,0.0,,0,1.0,0.0,EUR -> CAD -> EUR,False,0.0,,0,1.0,0.0,EUR -> CAD -> EUR,6.9018128770640566,0.0,1.0000000000000002,GBP->JPY->USD->GBP,2.220446049250313e-14,1.0000000000000002,EUR->CAD->GBP->JPY->EUR,2.220446049250313e-14,Yahoo Finance daily closing rates,"Directed, 5-node, fully connected (20 edges/day)",0.02,0.1,Daily closing FX rates are mid-market consensus prices — triangularly consistent by construction (no exploitable arb at EOD),2.220446049250313e-14
2023-11-01,0.94526,0.8229,151.294006,1.38766,False,0.0,,0,1.0,0.0,,False,0.0,,0,1.0,0.0,,5.19570842987505,0.0,1.0000000000000002,CAD->USD->EUR->CAD,2.220446049250313e-14,1.0000000000000002,GBP->EUR->USD->JPY->GBP,2.220446049250313e-14,Yahoo Finance daily closing rates,"Directed, 5-node, fully connected (20 edges/day)",0.02,0.1,Daily closing FX rates are mid-market consensus prices — triangularly consistent by construction (no exploitable arb at EOD),2.220446049250313e-14
2023-11-02,0.94455,0.82087,150.574997,1.38344,False,0.0,,0,1.0,0.0,,False,0.0,,0,1.0,0.0,,4.771005223224312,0.0,1.0000000000000002,USD->GBP->EUR->USD,2.220446049250313e-14,1.0000000000000002,USD->GBP->EUR->CAD->USD,2.220446049250313e-14,Yahoo Finance daily closing rates,"Directed, 5-node, fully connected (20 edges/day)",0.02,0.1,Daily closing FX rates are mid-market consensus prices — triangularly consistent by construction (no exploitable arb at EOD),2.220446049250313e-14
2023-11-03,0.9417,0.82022,150.496994,1.3747,False,0.0,,0,1.0,0.0,EUR -> CAD -> EUR,False,0.0,,0,1.0,0.0,EUR -> CAD -> EUR,5.055757502097831,0.0,1.0,USD->EUR->GBP->USD,0.0,1.0,USD->EUR->GBP->JPY->USD,0.0,Yahoo Finance daily closing rates,"Directed, 5-node, fully connected (20 edges/day)",0.02,0.1,Daily closing FX rates are mid-market consensus prices — triangularly consistent by construction (no exploitable arb at EOD),0.0
2023-11-06,0.93178,0.80816,149.449005,1.36606,False,0.0,,0,1.0,0.0,,False,0.0,,0,1.0,0.0,,8.218032419027164,0.0,1.0000000000000002,EUR->GBP->USD->EUR,2.220446049250313e-14,1.0000000000000002,EUR->GBP->USD->JPY->EUR,2.220446049250313e-14,Yahoo Finance daily closing rates,"Directed, 5-node, fully connected (20 edges/day)",0.02,0.1,Daily closing FX rates are mid-market consensus prices — triangularly consistent by construction (no exploitable arb at EOD),2.220446049250313e-14
2023-11-07,0.9327,0.81001,149.988998,1.36973,False,0.0,,0,1.0,0.0,,False,0.0,,0,1.0,0.0,,8.488649072777184,0.0,1.0000000000000002,USD->JPY->CAD->USD,2.220446049250313e-14,1.0000000000000002,USD->EUR->JPY->CAD->USD,2.220446049250313e-14,Yahoo Finance daily closing rates,"Directed, 5-node, fully connected (20 edges/day)",0.02,0.1,Daily closing FX rates are mid-market consensus prices — triangularly consistent by construction (no exploitable arb at EOD),2.220446049250313e-14
2023-11-08,0.93492,0.81355,150.395996,1.37685,False,0.0,,0,1.0,0.0,JPY -> EUR -> GBP -> JPY,False,0.0,,0,1.0,0.0,JPY -> EUR -> GBP -> JPY,8.105124054779012,0.0,1.0000000000000002,EUR->GBP->CAD->EUR,2.220446049250313e-14,1.0000000000000002,USD->JPY->EUR->GBP->USD,2.220446049250313e-14,Yahoo Finance daily closing rates,"Directed, 5-node, fully connected (20 edges/day)",0.02,0.1,Daily closing FX rates are mid-market consensus prices — triangularly consistent by construction (no exploitable arb at EOD),2.220446049250313e-14
2023-11-09,0.93367,0.814,150.863998,1.37932,False,0.0,,0,1.0,0.0,,False,0.0,,0,1.0,0.0,,8.049598059103234,0.0,1.0000000000000002,GBP->USD->EUR->GBP,2.220446049250313e-14,1.0000000000000002,GBP->USD->EUR->CAD->GBP,2.220446049250313e-14,Yahoo Finance daily closing rates,"Directed, 5-node, fully connected (20 edges/day)",0.02,0.1,Daily closing FX rates are mid-market consensus prices — triangularly consistent by construction (no exploitable arb at EOD),2.220446049250313e-14
2023-11-10,0.93742,0.81853,151.348999,1.3807,False,0.0,,0,1.0,0.0,GBP -> USD -> CAD -> GBP,False,0.0,,0,1.0,0.0,GBP -> USD -> CAD -> GBP,9.135809630180637,0.0,1.0000000000000002,USD->GBP->EUR->USD,2.220446049250313e-14,1.0000000000000002,USD->GBP->EUR->CAD->USD,2.220446049250313e-14,Yahoo Finance daily closing rates,"Directed, 5-node, fully connected (20 edges/day)",0.02,0.1,Daily closing FX rates are mid-market consensus prices — triangularly consistent by construction (no exploitable arb at EOD),2.220446049250313e-14
2023-11-13,0.93544,0.81778,151.468994,1.37989,False,0.0,,0,1.0,0.0,,False,0.0,,0,1.0,0.0,,4.0378524977002215,0.0,1.0000000000000002,EUR->GBP->USD->EUR,2.220446049250313e-14,1.0000000000000002,USD->GBP->EUR->JPY->USD,2.220446049250313e-14,Yahoo Finance daily closing rates,"Directed, 5-node, fully connected (20 edges/day)",0.02,0.1,Daily closing FX rates are mid-market consensus prices — triangularly consistent by construction (no exploitable arb at EOD),2.220446049250313e-14
2023-11-14,0.93442,0.81429,151.645996,1.38015,False,0.0,,0,1.0,0.0,,False,0.0,,0,1.0,0.0,,4.236659376865538,0.0,1.0000000000000002,GBP->USD->JPY->GBP,2.220446049250313e-14,1.0000000000000002,GBP->USD->CAD->JPY->GBP,2.220446049250313e-14,Yahoo Finance daily closing rates,"Directed, 5-node, fully connected (20 edges/day)",0.02,0.1,Daily closing FX rates are mid-market consensus prices — triangularly consistent by construction (no exploitable arb at EOD),2.220446049250313e-14
2023-11-15,0.91926,0.80035,150.485001,1.36994,False,0.0,,0,1.0,0.0,,False,0.0,,0,1.0,0.0,,12.141723607062753,0.0,1.0000000000000002,USD->GBP->EUR->USD,2.220446049250313e-14,1.0000000000000002,USD->EUR->CAD->GBP->USD,2.220446049250313e-14,Yahoo Finance daily closing rates,"Directed, 5-node, fully connected (20 edges/day)",0.02,0.1,Daily closing FX rates are mid-market consensus prices — triangularly consistent by construction (no exploitable arb at EOD),2.220446049250313e-14
2023-11-16,0.92127,0.805,151.214996,1.36834,False,0.0,,0,1.0,0.0,,False,0.0,,0,1.0,0.0,,12.756519678155358,0.0,1.0000000000000002,USD->CAD->GBP->USD,2.220446049250313e-14,1.0000000000000002,USD->EUR->CAD->GBP->USD,2.220446049250313e-14,Yahoo Finance daily closing rates,"Directed, 5-node, fully connected (20 edges/day)",0.02,0.1,Daily closing FX rates are mid-market consensus prices — triangularly consistent by construction (no exploitable arb at EOD),2.220446049250313e-14
2023-11-17,0.92134,0.80548,150.705002,1.37521,False,0.0,,0,1.0,0.0,,False,0.0,,0,1.0,0.0,,11.722318816831445,0.0,1.0000000000000002,EUR->GBP->JPY->EUR,2.220446049250313e-14,1.0000000000000002,EUR->GBP->JPY->USD->EUR,2.220446049250313e-14,Yahoo Finance daily closing rates,"Directed, 5-node, fully connected (20 edges/day)",0.02,0.1,Daily closing FX rates are mid-market consensus prices — triangularly consistent by construction (no exploitable arb at EOD),2.220446049250313e-14
2023-11-20,0.91684,0.80292,149.942001,1.3719,False,0.0,,0,1.0,0.0,JPY -> EUR -> USD -> JPY,False,0.0,,0,1.0,0.0,JPY -> EUR -> USD -> JPY,11.687381221034698,0.0,1.0000000000000002,USD->GBP->EUR->USD,2.220446049250313e-14,1.0000000000000002,USD->GBP->EUR->CAD->USD,2.220446049250313e-14,Yahoo Finance daily closing rates,"Directed, 5-node, fully connected (20 edges/day)",0.02,0.1,Daily closing FX rates are mid-market consensus prices — triangularly consistent by construction (no exploitable arb at EOD),2.220446049250313e-14
2023-11-21,0.91358,0.79942,148.362,1.37241,False,0.0,,0,1.0,0.0,,False,0.0,,0,1.0,0.0,,11.426406699630537,0.0,1.0000000000000002,USD->GBP->EUR->USD,2.220446049250313e-14,1.0000000000000002,USD->JPY->GBP->EUR->USD,2.220446049250313e-14,Yahoo Finance daily closing rates,"Directed, 5-node, fully connected (20 edges/day)",0.02,0.1,Daily closing FX rates are mid-market consensus prices — triangularly consistent by construction (no exploitable arb at EOD),2.220446049250313e-14
2023-11-22,0.9159,0.79718,148.151993,1.3701,False,0.0,,0,1.0,0.0,USD -> CAD -> EUR -> JPY -> USD,False,0.0,,0,1.0,0.0,USD -> CAD -> EUR -> JPY -> USD,5.335549820117694,0.0,1.0000000000000002,JPY->USD->CAD->JPY,2.220446049250313e-14,1.0000000000000002,JPY->USD->CAD->GBP->JPY,2.220446049250313e-14,Yahoo Finance daily closing rates,"Directed, 5-node, fully connected (20 edges/day)",0.02,0.1,Daily closing FX rates are mid-market consensus prices — triangularly consistent by construction (no exploitable arb at EOD),2.220446049250313e-14
2023-11-23,0.9182,0.80064,149.460007,1.36925,False,0.0,,0,1.0,0.0,,False,0.0,,0,1.0,0.0,,5.450797604384542,0.0,1.0000000000000002,EUR->JPY->CAD->EUR,2.220446049250313e-14,1.0000000000000002,EUR->USD->JPY->CAD->EUR,2.220446049250313e-14,Yahoo Finance daily closing rates,"Directed, 5-node, fully connected (20 edges/day)",0.02,0.1,Daily closing FX rates are mid-market consensus prices — triangularly consistent by construction (no exploitable arb at EOD),2.220446049250313e-14
2023-11-24,0.9169,0.79786,149.634995,1.3695,False,0.0,,0,1.0,0.0,,False,0.0,,0,1.0,0.0,,5.425471659627484,0.0,1.0000000000000002,EUR->CAD->JPY->EUR,2.220446049250313e-14,1.0000000000000002,USD->CAD->EUR->GBP->USD,2.220446049250313e-14,Yahoo Finance daily closing rates,"Directed, 5-node, fully connected (20 edges/day)",0.02,0.1,Daily closing FX rates are mid-market consensus prices — triangularly consistent by construction (no exploitable arb at EOD),2.220446049250313e-14
2023-11-27,0.91404,0.79363,149.570999,1.36305,False,0.0,,0,1.0,0.0,GBP -> CAD -> GBP,False,0.0,,0,1.0,0.0,GBP -> CAD -> GBP,4.716294461612029,0.0,1.0000000000000002,USD->CAD->EUR->USD,2.220446049250313e-14,1.0000000000000002,USD->GBP->CAD->EUR->USD,2.220446049250313e-14,Yahoo Finance daily closing rates,"Directed, 5-node, fully connected (20 edges/day)",0.02,0.1,Daily closing FX rates are mid-market consensus prices — triangularly consistent by construction (no exploitable arb at EOD),2.220446049250313e-14
2023-11-28,0.91254,0.79149,148.451996,1.3607,False,0.0,,0,1.0,0.0,,False,0.0,,0,1.0,0.0,,4.118822969785534,0.0,1.0000000000000002,USD->GBP->EUR->USD,2.220446049250313e-14,1.0000000000000002,USD->GBP->EUR->JPY->USD,2.220446049250313e-14,Yahoo Finance daily closing rates,"Directed, 5-node, fully connected (20 edges/day)",0.02,0.1,Daily closing FX rates are mid-market consensus prices — triangularly consistent by construction (no exploitable arb at EOD),2.220446049250313e-14
2023-11-29,0.9086,0.78664,147.063004,1.3563,False,0.0,,0,1.0,0.0,,False,0.0,,0,1.0,0.0,,4.099078359576642,0.0,1.0000000000000002,USD->JPY->EUR->USD,2.220446049250313e-14,1.0000000000000002,USD->GBP->JPY->EUR->USD,2.220446049250313e-14,Yahoo Finance daily closing rates,"Directed, 5-node, fully connected (20 edges/day)",0.02,0.1,Daily closing FX rates are mid-market consensus prices — triangularly consistent by construction (no exploitable arb at EOD),2.220446049250313e-14
2023-11-30,0.91127,0.787625,147.039001,1.35902,False,0.0,,0,1.0,0.0,,False,0.0,,0,1.0,0.0,,4.370411163200471,0.0,1.0000000000000002,GBP->USD->EUR->GBP,2.220446049250313e-14,1.0000000000000002,GBP->USD->EUR->JPY->GBP,2.220446049250313e-14,Yahoo Finance daily closing rates,"Directed, 5-node, fully connected (20 edges/day)",0.02,0.1,Daily closing FX rates are mid-market consensus prices — triangularly consistent by construction (no exploitable arb at EOD),2.220446049250313e-14
2023-12-01,0.9181,0.79166,147.998993,1.35565,False,0.0,,0,1.0,0.0,,False,0.0,,0,1.0,0.0,,7.744632376765045,0.0,1.0000000000000002,EUR->JPY->GBP->EUR,2.220446049250313e-14,1.0000000000000002,EUR->USD->JPY->GBP->EUR,2.220446049250313e-14,Yahoo Finance daily closing rates,"Directed, 5-node, fully connected (20 edges/day)",0.02,0.1,Daily closing FX rates are mid-market consensus prices — triangularly consistent by construction (no exploitable arb at EOD),2.220446049250313e-14
2023-12-04,0.91843,0.78659,146.393005,1.34887,False,0.0,,0,1.0,0.0,EUR -> CAD -> EUR,False,0.0,,0,1.0,0.0,EUR -> CAD -> EUR,7.157856657489808,0.0,1.0000000000000002,EUR->GBP->CAD->EUR,2.220446049250313e-14,1.0000000000000002,EUR->USD->GBP->CAD->EUR,2.220446049250313e-14,Yahoo Finance daily closing rates,"Directed, 5-node, fully connected (20 edges/day)",0.02,0.1,Daily closing FX rates are mid-market consensus prices — triangularly consistent by construction (no exploitable arb at EOD),2.220446049250313e-14
2023-12-05,0.9227,0.79151,147.326996,1.3539,False,0.0,,0,1.0,0.0,,False,0.0,,0,1.0,0.0,,7.108856744011409,0.0,1.0000000000000002,GBP->USD->EUR->GBP,2.220446049250313e-14,1.0000000000000002,GBP->USD->JPY->EUR->GBP,2.220446049250313e-14,Yahoo Finance daily closing rates,"Directed, 5-node, fully connected (20 edges/day)",0.02,0.1,Daily closing FX rates are mid-market consensus prices — triangularly consistent by construction (no exploitable arb at EOD),2.220446049250313e-14
2023-12-06,0.92647,0.794,147.184998,1.3591,False,0.0,,0,1.0,0.0,,False,0.0,,0,1.0,0.0,,4.10667498387515,0.0,1.0000000000000002,EUR->USD->JPY->EUR,2.220446049250313e-14,1.0000000000000002,EUR->USD->JPY->GBP->EUR,2.220446049250313e-14,Yahoo Finance daily closing rates,"Directed, 5-node, fully connected (20 edges/day)",0.02,0.1,Daily closing FX rates are mid-market consensus prices — triangularly consistent by construction (no exploitable arb at EOD),2.220446049250313e-14
2023-12-07,0.92879,0.79626,147.184006,1.35918,False,0.0,,0,1.0,0.0,GBP -> CAD -> GBP,False,0.0,,0,1.0,0.0,GBP -> CAD -> GBP,4.181395882146022,0.0,1.0000000000000002,USD->CAD->EUR->USD,2.220446049250313e-14,1.0000000000000002,USD->GBP->CAD->EUR->USD,2.220446049250313e-14,Yahoo Finance daily closing rates,"Directed, 5-node, fully connected (20 edges/day)",0.02,0.1,Daily closing FX rates are mid-market consensus prices — triangularly consistent by construction (no exploitable arb at EOD),2.220446049250313e-14
2023-12-08,0.9266,0.79431,144.278,1.35986,False,0.0,,0,1.0,0.0,GBP -> USD -> EUR -> GBP,False,0.0,,0,1.0,0.0,GBP -> USD -> EUR -> GBP,4.5673902143021,0.0,1.0000000000000002,EUR->USD->JPY->EUR,2.220446049250313e-14,1.0000000000000002,EUR->USD->GBP->JPY->EUR,2.220446049250313e-14,Yahoo Finance daily closing rates,"Directed, 5-node, fully connected (20 edges/day)",0.02,0.1,Daily closing FX rates are mid-market consensus prices — triangularly consistent by construction (no exploitable arb at EOD),2.220446049250313e-14
2023-12-11,0.92887,0.79651,144.983002,1.35808,False,0.0,,0,1.0,0.0,,False,0.0,,0,1.0,0.0,,4.3766020884749635,0.0,1.0000000000000002,USD->GBP->EUR->USD,2.220446049250313e-14,1.0000000000000002,USD->EUR->CAD->GBP->USD,2.220446049250313e-14,Yahoo Finance daily closing rates,"Directed, 5-node, fully connected (20 edges/day)",0.02,0.1,Daily closing FX rates are mid-market consensus prices — triangularly consistent by construction (no exploitable arb at EOD),2.220446049250313e-14
2023-12-12,0.9288,0.79652,146.085007,1.3578,False,0.0,,0,1.0,0.0,,False,0.0,,0,1.0,0.0,,4.028721114911658,0.0,1.0000000000000002,USD->CAD->GBP->USD,2.220446049250313e-14,1.0000000000000004,GBP->JPY->EUR->CAD->GBP,4.440892098500626e-14,Yahoo Finance daily closing rates,"Directed, 5-node, fully connected (20 edges/day)",0.02,0.1,Daily closing FX rates are mid-market consensus prices — triangularly consistent by construction (no exploitable arb at EOD),2.220446049250313e-14
2023-12-13,0.92604,0.7955,145.279999,1.3585,False,0.0,,0,1.0,0.0,JPY -> CAD -> JPY,False,0.0,,0,1.0,0.0,JPY -> CAD -> JPY,4.09626433734064,0.0,1.0000000000000002,USD->JPY->CAD->USD,2.220446049250313e-14,1.0000000000000002,USD->EUR->JPY->CAD->USD,2.220446049250313e-14,Yahoo Finance daily closing rates,"Directed, 5-node, fully connected (20 edges/day)",0.02,0.1,Daily closing FX rates are mid-market consensus prices — triangularly consistent by construction (no exploitable arb at EOD),2.220446049250313e-14
2023-12-14,0.9186,0.79221,142.772995,1.35081,False,0.0,,0,1.0,0.0,,False,0.0,,0,1.0,0.0,,6.2069375508290126,0.0,1.0000000000000002,EUR->JPY->GBP->EUR,2.220446049250313e-14,1.0000000000000002,USD->GBP->EUR->JPY->USD,2.220446049250313e-14,Yahoo Finance daily closing rates,"Directed, 5-node, fully connected (20 edges/day)",0.02,0.1,Daily closing FX rates are mid-market consensus prices — triangularly consistent by construction (no exploitable arb at EOD),2.220446049250313e-14
2023-12-15,0.90962,0.783,142.279007,1.3407,False,0.0,,0,1.0,0.0,CAD -> USD -> EUR -> CAD,False,0.0,,0,1.0,0.0,CAD -> USD -> EUR -> CAD,8.2491980825873,0.0,1.0000000000000002,USD->JPY->GBP->USD,2.220446049250313e-14,1.0000000000000002,USD->EUR->JPY->GBP->USD,2.220446049250313e-14,Yahoo Finance daily closing rates,"Directed, 5-node, fully connected (20 edges/day)",0.02,0.1,Daily closing FX rates are mid-market consensus prices — triangularly consistent by construction (no exploitable arb at EOD),2.220446049250313e-14
2023-12-18,0.91783,0.78912,142.313004,1.33816,False,0.0,,0,1.0,0.0,,False,0.0,,0,1.0,0.0,,11.841784150187433,0.0,1.0000000000000002,GBP->EUR->USD->GBP,2.220446049250313e-14,1.0000000000000002,GBP->USD->EUR->JPY->GBP,2.220446049250313e-14,Yahoo Finance daily closing rates,"Directed, 5-node, fully connected (20 edges/day)",0.02,0.1,Daily closing FX rates are mid-market consensus prices — triangularly consistent by construction (no exploitable arb at EOD),2.220446049250313e-14
2023-12-19,0.91543,0.7904,142.722,1.33978,False,0.0,,0,1.0,0.0,JPY -> CAD -> GBP -> JPY,False,0.0,,0,1.0,0.0,JPY -> CAD -> GBP -> JPY,11.664751374806368,0.0,1.0000000000000002,USD->JPY->GBP->USD,2.220446049250313e-14,1.0000000000000004,GBP->EUR->JPY->CAD->GBP,4.440892098500626e-14,Yahoo Finance daily closing rates,"Directed, 5-node, fully connected (20 edges/day)",0.02,0.1,Daily closing FX rates are mid-market consensus prices — triangularly consistent by construction (no exploitable arb at EOD),2.220446049250313e-14
2023-12-20,0.91066,0.78538,143.889008,1.33342,False,0.0,,0,1.0,0.0,,False,0.0,,0,1.0,0.0,,11.782597664472506,0.0,1.0000000000000002,EUR->GBP->USD->EUR,2.220446049250313e-14,1.0000000000000002,EUR->GBP->USD->JPY->EUR,2.220446049250313e-14,Yahoo Finance daily closing rates,"Directed, 5-node, fully connected (20 edges/day)",0.02,0.1,Daily closing FX rates are mid-market consensus prices — triangularly consistent by construction (no exploitable arb at EOD),2.220446049250313e-14
2023-12-21,0.9136,0.79106,143.522995,1.33582,False,0.0,,0,1.0,0.0,,False,0.0,,0,1.0,0.0,,11.6605461525416,0.0,1.0000000000000002,GBP->USD->JPY->GBP,2.220446049250313e-14,1.0000000000000002,GBP->USD->EUR->JPY->GBP,2.220446049250313e-14,Yahoo Finance daily closing rates,"Directed, 5-node, fully connected (20 edges/day)",0.02,0.1,Daily closing FX rates are mid-market consensus prices — triangularly consistent by construction (no exploitable arb at EOD),2.220446049250313e-14
2023-12-22,0.90858,0.788333,142.070007,1.32839,False,0.0,,0,1.0,0.0,,False,0.0,,0,1.0,0.0,,9.893586344374569,0.0,1.0000000000000002,EUR->GBP->JPY->EUR,2.220446049250313e-14,1.0000000000000002,EUR->GBP->CAD->JPY->EUR,2.220446049250313e-14,Yahoo Finance daily closing rates,"Directed, 5-node, fully connected (20 edges/day)",0.02,0.1,Daily closing FX rates are mid-market consensus prices — triangularly consistent by construction (no exploitable arb at EOD),2.220446049250313e-14
2023-12-25,0.9069,0.78883,142.341995,1.32568,False,0.0,,0,1.0,0.0,JPY -> GBP -> JPY,False,0.0,,0,1.0,0.0,JPY -> GBP -> JPY,5.591005498771523,0.0,1.0000000000000002,EUR->USD->GBP->EUR,2.220446049250313e-14,1.0000000000000002,EUR->USD->GBP->JPY->EUR,2.220446049250313e-14,Yahoo Finance daily closing rates,"Directed, 5-node, fully connected (20 edges/day)",0.02,0.1,Daily closing FX rates are mid-market consensus prices — triangularly consistent by construction (no exploitable arb at EOD),2.220446049250313e-14
2023-12-26,0.90742,0.7871,142.229996,1.325,False,0.0,,0,1.0,0.0,,False,0.0,,0,1.0,0.0,,5.958108025039267,0.0,1.0,USD->EUR->JPY->USD,0.0,1.0000000000000002,USD->CAD->GBP->EUR->USD,2.220446049250313e-14,Yahoo Finance daily closing rates,"Directed, 5-node, fully connected (20 edges/day)",0.02,0.1,Daily closing FX rates are mid-market consensus prices — triangularly consistent by construction (no exploitable arb at EOD),0.0
2023-12-27,0.90555,0.78572,142.460999,1.31952,False,0.0,,0,1.0,0.0,,False,0.0,,0,1.0,0.0,,5.169873519926059,0.0,1.0000000000000002,EUR->USD->GBP->EUR,2.220446049250313e-14,1.0000000000000002,EUR->JPY->USD->GBP->EUR,2.220446049250313e-14,Yahoo Finance daily closing rates,"Directed, 5-node, fully connected (20 edges/day)",0.02,0.1,Daily closing FX rates are mid-market consensus prices — triangularly consistent by construction (no exploitable arb at EOD),2.220446049250313e-14
2023-12-28,0.9002,0.7812,141.399002,1.3202,False,0.0,,0,1.0,0.0,,False,0.0,,0,1.0,0.0,,4.333992960592622,0.0,1.0000000000000002,USD->JPY->CAD->USD,2.220446049250313e-14,1.0000000000000002,USD->EUR->JPY->CAD->USD,2.220446049250313e-14,Yahoo Finance daily closing rates,"Directed, 5-node, fully connected (20 edges/day)",0.02,0.1,Daily closing FX rates are mid-market consensus prices — triangularly consistent by construction (no exploitable arb at EOD),2.220446049250313e-14
2023-12-29,0.90349,0.7853,141.429993,1.32296,False,0.0,,0,1.0,0.0,JPY -> EUR -> USD -> JPY,False,0.0,,0,1.0,0.0,JPY -> EUR -> USD -> JPY,5.6190908890528934,0.0,1.0000000000000002,GBP->CAD->EUR->GBP,2.220446049250313e-14,1.0000000000000002,USD->CAD->EUR->GBP->USD,2.220446049250313e-14,Yahoo Finance daily closing rates,"Directed, 5-node, fully connected (20 edges/day)",0.02,0.1,Daily closing FX rates are mid-market consensus prices — triangularly consistent by construction (no exploitable arb at EOD),2.220446049250313e-14
2024-01-01,0.9045,0.785546,140.951996,1.32392,False,0.0,,0,1.0,0.0,,False,0.0,,0,1.0,0.0,,5.77014492780157,0.0,1.0000000000000002,GBP->JPY->USD->GBP,2.220446049250313e-14,1.0000000000000002,EUR->JPY->USD->CAD->EUR,2.220446049250313e-14,Yahoo Finance daily closing rates,"Directed, 5-node, fully connected (20 edges/day)",0.02,0.1,Daily closing FX rates are mid-market consensus prices — triangularly consistent by construction (no exploitable arb at EOD),2.220446049250313e-14
2024-01-02,0.9059,0.78562,141.126007,1.3242,False,0.0,,0,1.0,0.0,,False,0.0,,0,1.0,0.0,,5.926649337293322,0.0,1.0000000000000002,EUR->JPY->GBP->EUR,2.220446049250313e-14,1.0000000000000002,USD->GBP->EUR->JPY->USD,2.220446049250313e-14,Yahoo Finance daily closing rates,"Directed, 5-node, fully connected (20 edges/day)",0.02,0.1,Daily closing FX rates are mid-market consensus prices — triangularly consistent by construction (no exploitable arb at EOD),2.220446049250313e-14
2024-01-03,0.91393,0.7922,142.154999,1.3322,False,0.0,,0,1.0,0.0,,False,0.0,,0,1.0,0.0,,8.436374322850297,0.0,1.0000000000000002,EUR->JPY->USD->EUR,2.220446049250313e-14,1.0000000000000002,EUR->USD->JPY->GBP->EUR,2.220446049250313e-14,Yahoo Finance daily closing rates,"Directed, 5-node, fully connected (20 edges/day)",0.02,0.1,Daily closing FX rates are mid-market consensus prices — triangularly consistent by construction (no exploitable arb at EOD),2.220446049250313e-14
2024-01-04,0.9151,0.789,142.998993,1.33477,False,0.0,,0,1.0,0.0,,False,0.0,,0,1.0,0.0,,5.178573912339917,0.0,1.0000000000000002,USD->GBP->EUR->USD,2.220446049250313e-14,1.0000000000000002,USD->GBP->EUR->CAD->USD,2.220446049250313e-14,Yahoo Finance daily closing rates,"Directed, 5-node, fully connected (20 edges/day)",0.02,0.1,Daily closing FX rates are mid-market consensus prices — triangularly consistent by construction (no exploitable arb at EOD),2.220446049250313e-14
2024-01-05,0.91346,0.78839,144.764999,1.3355,False,0.0,,0,1.0,0.0,,False,0.0,,0,1.0,0.0,,6.264307854709353,0.0,1.0000000000000002,EUR->JPY->CAD->EUR,2.220446049250313e-14,1.0000000000000002,EUR->USD->JPY->CAD->EUR,2.220446049250313e-14,Yahoo Finance daily closing rates,"Directed, 5-node, fully connected (20 edges/day)",0.02,0.1,Daily closing FX rates are mid-market consensus prices — triangularly consistent by construction (no exploitable arb at EOD),2.220446049250313e-14
2024-01-08,0.91389,0.7863,144.716003,1.33598,False,0.0,,0,1.0,0.0,,False,0.0,,0,1.0,0.0,,6.3506156440752175,0.0,1.0000000000000002,USD->JPY->CAD->USD,2.220446049250313e-14,1.0000000000000002,USD->EUR->JPY->CAD->USD,2.220446049250313e-14,Yahoo Finance daily closing rates,"Directed, 5-node, fully connected (20 edges/day)",0.02,0.1,Daily closing FX rates are mid-market consensus prices — triangularly consistent by construction (no exploitable arb at EOD),2.220446049250313e-14
2024-01-09,0.9131,0.78461,144.229996,1.3349,False,0.0,,0,1.0,0.0,,False,0.0,,0,1.0,0.0,,6.696110248623015,0.0,1.0000000000000002,EUR->CAD->JPY->EUR,2.220446049250313e-14,1.0000000000000002,EUR->USD->CAD->JPY->EUR,2.220446049250313e-14,Yahoo Finance daily closing rates,"Directed, 5-node, fully connected (20 edges/day)",0.02,0.1,Daily closing FX rates are mid-market consensus prices — triangularly consistent by construction (no exploitable arb at EOD),2.220446049250313e-14
2024-01-10,0.91471,0.7866,144.427994,1.33892,False,0.0,,0,1.0,0.0,,False,0.0,,0,1.0,0.0,,2.352117898942336,0.0,1.0000000000000002,EUR->JPY->USD->EUR,2.220446049250313e-14,1.0000000000000002,USD->JPY->CAD->EUR->USD,2.220446049250313e-14,Yahoo Finance daily closing rates,"Directed, 5-node, fully connected (20 edges/day)",0.02,0.1,Daily closing FX rates are mid-market consensus prices — triangularly consistent by construction (no exploitable arb at EOD),2.220446049250313e-14
2024-01-11,0.91115,0.78461,145.733994,1.33785,False,0.0,,0,1.0,0.0,,False,0.0,,0,1.0,0.0,,3.437327385608862,0.0,1.0000000000000002,EUR->USD->GBP->EUR,2.220446049250313e-14,1.0000000000000002,EUR->USD->JPY->GBP->EUR,2.220446049250313e-14,Yahoo Finance daily closing rates,"Directed, 5-node, fully connected (20 edges/day)",0.02,0.1,Daily closing FX rates are mid-market consensus prices — triangularly consistent by construction (no exploitable arb at EOD),2.220446049250313e-14
2024-01-12,0.91061,0.78261,145.046005,1.33799,False,0.0,,0,1.0,0.0,,False,0.0,,0,1.0,0.0,,3.337210554606613,0.0,1.0000000000000002,GBP->EUR->USD->GBP,2.220446049250313e-14,1.0000000000000002,EUR->USD->GBP->JPY->EUR,2.220446049250313e-14,Yahoo Finance daily closing rates,"Directed, 5-node, fully connected (20 edges/day)",0.02,0.1,Daily closing FX rates are mid-market consensus prices — triangularly consistent by construction (no exploitable arb at EOD),2.220446049250313e-14
2024-01-15,0.9136,0.78514,145.149002,1.34094,False,0.0,,0,1.0,0.0,,False,0.0,,0,1.0,0.0,,4.357201407454991,0.0,1.0000000000000002,EUR->USD->CAD->EUR,2.220446049250313e-14,1.0000000000000002,EUR->USD->GBP->CAD->EUR,2.220446049250313e-14,Yahoo Finance daily closing rates,"Directed, 5-node, fully connected (20 edges/day)",0.02,0.1,Daily closing FX rates are mid-market consensus prices — triangularly consistent by construction (no exploitable arb at EOD),2.220446049250313e-14
2024-01-16,0.9136,0.7864,145.794006,1.34358,False,0.0,,0,1.0,0.0,,False,0.0,,0,1.0,0.0,,4.29987908391427,0.0,1.0000000000000002,GBP->EUR->USD->GBP,2.220446049250313e-14,1.0000000000000002,GBP->JPY->EUR->USD->GBP,2.220446049250313e-14,Yahoo Finance daily closing rates,"Directed, 5-node, fully connected (20 edges/day)",0.02,0.1,Daily closing FX rates are mid-market consensus prices — triangularly consistent by construction (no exploitable arb at EOD),2.220446049250313e-14
2024-01-17,0.91922,0.79123,147.246002,1.349,False,0.0,,0,1.0,0.0,,False,0.0,,0,1.0,0.0,,6.100604386937347,0.0,1.0000000000000002,USD->CAD->EUR->USD,2.220446049250313e-14,1.0000000000000002,USD->GBP->CAD->EUR->USD,2.220446049250313e-14,Yahoo Finance daily closing rates,"Directed, 5-node, fully connected (20 edges/day)",0.02,0.1,Daily closing FX rates are mid-market consensus prices — triangularly consistent by construction (no exploitable arb at EOD),2.220446049250313e-14
2024-01-18,0.91863,0.78884,148.117996,1.35028,False,0.0,,0,1.0,0.0,USD -> CAD -> GBP -> JPY -> USD,False,0.0,,0,1.0,0.0,USD -> CAD -> GBP -> JPY -> USD,4.745797472249203,0.0,1.0000000000000002,EUR->CAD->USD->EUR,2.220446049250313e-14,1.0000000000000002,USD->JPY->EUR->CAD->USD,2.220446049250313e-14,Yahoo Finance daily closing rates,"Directed, 5-node, fully connected (20 edges/day)",0.02,0.1,Daily closing FX rates are mid-market consensus prices — triangularly consistent by construction (no exploitable arb at EOD),2.220446049250313e-14
2024-01-19,0.91919,0.78679,148.128006,1.34862,False,0.0,,0,1.0,0.0,,False,0.0,,0,1.0,0.0,,4.458251461115994,0.0,1.0000000000000002,EUR->JPY->GBP->EUR,2.220446049250313e-14,1.0000000000000002,EUR->GBP->CAD->USD->EUR,2.220446049250313e-14,Yahoo Finance daily closing rates,"Directed, 5-node, fully connected (20 edges/day)",0.02,0.1,Daily closing FX rates are mid-market consensus prices — triangularly consistent by construction (no exploitable arb at EOD),2.220446049250313e-14
2024-01-22,0.91808,0.78741,148.121002,1.34316,False,0.0,,0,1.0,0.0,,False,0.0,,0,1.0,0.0,,4.700252169621155,0.0,1.0,USD->EUR->GBP->USD,0.0,1.0000000000000002,EUR->USD->GBP->JPY->EUR,2.220446049250313e-14,Yahoo Finance daily closing rates,"Directed, 5-node, fully connected (20 edges/day)",0.02,0.1,Daily closing FX rates are mid-market consensus prices — triangularly consistent by construction (no exploitable arb at EOD),0.0
2024-01-23,0.9191,0.78697,148.141998,1.34779,False,0.0,,0,1.0,0.0,GBP -> EUR -> JPY -> GBP,False,0.0,,0,1.0,0.0,GBP -> EUR -> JPY -> GBP,4.620064833762006,0.0,1.0000000000000002,USD->JPY->CAD->USD,2.220446049250313e-14,1.0000000000000002,USD->EUR->JPY->CAD->USD,2.220446049250313e-14,Yahoo Finance daily closing rates,"Directed, 5-node, fully connected (20 edges/day)",0.02,0.1,Daily closing FX rates are mid-market consensus prices — triangularly consistent by construction (no exploitable arb at EOD),2.220446049250313e-14
2024-01-24,0.92099,0.7879,148.251007,1.3456,False,0.0,,0,1.0,0.0,,False,0.0,,0,1.0,0.0,,2.0934567745616377,0.0,1.0000000000000002,USD->JPY->GBP->USD,2.220446049250313e-14,1.0000000000000002,USD->EUR->JPY->GBP->USD,2.220446049250313e-14,Yahoo Finance daily closing rates,"Directed, 5-node, fully connected (20 edges/day)",0.02,0.1,Daily closing FX rates are mid-market consensus prices — triangularly consistent by construction (no exploitable arb at EOD),2.220446049250313e-14
2024-01-25,0.91897,0.78624,147.591003,1.35254,False,0.0,,0,1.0,0.0,CAD -> USD -> JPY -> CAD,False,0.0,,0,1.0,0.0,CAD -> USD -> JPY -> CAD,2.758472332812955,0.0,1.0000000000000002,USD->JPY->CAD->USD,2.220446049250313e-14,1.0000000000000004,USD->JPY->CAD->GBP->USD,4.440892098500626e-14,Yahoo Finance daily closing rates,"Directed, 5-node, fully connected (20 edges/day)",0.02,0.1,Daily closing FX rates are mid-market consensus prices — triangularly consistent by construction (no exploitable arb at EOD),2.220446049250313e-14
2024-01-26,0.92191,0.78689,147.723007,1.34777,False,0.0,,0,1.0,0.0,,False,0.0,,0,1.0,0.0,,3.566501946283745,0.0,1.0000000000000002,EUR->USD->CAD->EUR,2.220446049250313e-14,1.0000000000000002,EUR->USD->GBP->CAD->EUR,2.220446049250313e-14,Yahoo Finance daily closing rates,"Directed, 5-node, fully connected (20 edges/day)",0.02,0.1,Daily closing FX rates are mid-market consensus prices — triangularly consistent by construction (no exploitable arb at EOD),2.220446049250313e-14
2024-01-29,0.92221,0.78755,148.139999,1.3454,False,0.0,,0,1.0,0.0,GBP -> EUR -> CAD -> GBP,False,0.0,,0,1.0,0.0,GBP -> EUR -> CAD -> GBP,3.2293139922424654,0.0,1.0000000000000002,EUR->CAD->GBP->EUR,2.220446049250313e-14,1.0000000000000002,EUR->JPY->CAD->GBP->EUR,2.220446049250313e-14,Yahoo Finance daily closing rates,"Directed, 5-node, fully connected (20 edges/day)",0.02,0.1,Daily closing FX rates are mid-market consensus prices — triangularly consistent by construction (no exploitable arb at EOD),2.220446049250313e-14
2024-01-30,0.92298,0.78658,147.468002,1.34114,False,0.0,,0,1.0,0.0,,False,0.0,,0,1.0,0.0,,3.2238000807015244,0.0,1.0000000000000002,USD->JPY->CAD->USD,2.220446049250313e-14,1.0000000000000002,USD->EUR->JPY->CAD->USD,2.220446049250313e-14,Yahoo Finance daily closing rates,"Directed, 5-node, fully connected (20 edges/day)",0.02,0.1,Daily closing FX rates are mid-market consensus prices — triangularly consistent by construction (no exploitable arb at EOD),2.220446049250313e-14
2024-01-31,0.92222,0.78768,147.369003,1.34017,False,0.0,,0,1.0,0.0,,False,0.0,,0,1.0,0.0,,3.189581576071534,0.0,1.0000000000000002,GBP->JPY->USD->GBP,2.220446049250313e-14,1.0000000000000002,GBP->EUR->JPY->USD->GBP,2.220446049250313e-14,Yahoo Finance daily closing rates,"Directed, 5-node, fully connected (20 edges/day)",0.02,0.1,Daily closing FX rates are mid-market consensus prices — triangularly consistent by construction (no exploitable arb at EOD),2.220446049250313e-14
2024-02-01,0.92559,0.78874,146.996002,1.34355,False,0.0,,0,1.0,0.0,,False,0.0,,0,1.0,0.0,,3.0415061668335683,0.0,1.0000000000000002,EUR->GBP->JPY->EUR,2.220446049250313e-14,1.0000000000000002,EUR->USD->GBP->JPY->EUR,2.220446049250313e-14,Yahoo Finance daily closing rates,"Directed, 5-node, fully connected (20 edges/day)",0.02,0.1,Daily closing FX rates are mid-market consensus prices — triangularly consistent by construction (no exploitable arb at EOD),2.220446049250313e-14
2024-02-02,0.91957,0.78448,146.451004,1.3383,False,0.0,,0,1.0,0.0,CAD -> EUR -> GBP -> CAD,False,0.0,,0,1.0,0.0,CAD -> EUR -> GBP -> CAD,5.9435257499310445,0.0,1.0000000000000002,EUR->USD->JPY->EUR,2.220446049250313e-14,1.0000000000000002,USD->JPY->GBP->CAD->USD,2.220446049250313e-14,Yahoo Finance daily closing rates,"Directed, 5-node, fully connected (20 edges/day)",0.02,0.1,Daily closing FX rates are mid-market consensus prices — triangularly consistent by construction (no exploitable arb at EOD),2.220446049250313e-14
2024-02-05,0.92764,0.79227,148.501007,1.34701,False,0.0,,0,1.0,0.0,,False,0.0,,0,1.0,0.0,,8.934607916054702,0.0,1.0000000000000002,USD->CAD->GBP->USD,2.220446049250313e-14,1.0000000000000002,USD->EUR->CAD->GBP->USD,2.220446049250313e-14,Yahoo Finance daily closing rates,"Directed, 5-node, fully connected (20 edges/day)",0.02,0.1,Daily closing FX rates are mid-market consensus prices — triangularly consistent by construction (no exploitable arb at EOD),2.220446049250313e-14
2024-02-06,0.93094,0.7978,148.639999,1.3543,False,0.0,,0,1.0,0.0,,False,0.0,,0,1.0,0.0,,9.076574902419528,0.0,1.0000000000000002,USD->JPY->GBP->USD,2.220446049250313e-14,1.0000000000000002,USD->EUR->JPY->GBP->USD,2.220446049250313e-14,Yahoo Finance daily closing rates,"Directed, 5-node, fully connected (20 edges/day)",0.02,0.1,Daily closing FX rates are mid-market consensus prices — triangularly consistent by construction (no exploitable arb at EOD),2.220446049250313e-14
2024-02-07,0.92961,0.79324,147.817993,1.34893,False,0.0,,0,1.0,0.0,,False,0.0,,0,1.0,0.0,,9.192898580600978,0.0,1.0000000000000002,USD->CAD->GBP->USD,2.220446049250313e-14,1.0000000000000002,USD->EUR->CAD->GBP->USD,2.220446049250313e-14,Yahoo Finance daily closing rates,"Directed, 5-node, fully connected (20 edges/day)",0.02,0.1,Daily closing FX rates are mid-market consensus prices — triangularly consistent by construction (no exploitable arb at EOD),2.220446049250313e-14
2024-02-08,0.92801,0.79193,148.085999,1.3464,False,0.0,,0,1.0,0.0,,False,0.0,,0,1.0,0.0,,9.228448172241675,0.0,1.0000000000000002,GBP->CAD->USD->GBP,2.220446049250313e-14,1.0000000000000002,EUR->GBP->CAD->USD->EUR,2.220446049250313e-14,Yahoo Finance daily closing rates,"Directed, 5-node, fully connected (20 edges/day)",0.02,0.1,Daily closing FX rates are mid-market consensus prices — triangularly consistent by construction (no exploitable arb at EOD),2.220446049250313e-14
2024-02-09,0.92788,0.79236,149.259003,1.346,False,0.0,,0,1.0,0.0,CAD -> USD -> GBP -> CAD,False,0.0,,0,1.0,0.0,CAD -> USD -> GBP -> CAD,7.000992726253422,0.0,1.0000000000000002,EUR->USD->GBP->EUR,2.220446049250313e-14,1.0000000000000002,EUR->USD->GBP->JPY->EUR,2.220446049250313e-14,Yahoo Finance daily closing rates,"Directed, 5-node, fully connected (20 edges/day)",0.02,0.1,Daily closing FX rates are mid-market consensus prices — triangularly consistent by construction (no exploitable arb at EOD),2.220446049250313e-14
2024-02-12,0.92608,0.79131,149.167007,1.34578,False,0.0,,0,1.0,0.0,,False,0.0,,0,1.0,0.0,,3.6238934474791185,0.0,1.0000000000000002,GBP->USD->EUR->GBP,2.220446049250313e-14,1.0000000000000002,EUR->JPY->GBP->USD->EUR,2.220446049250313e-14,Yahoo Finance daily closing rates,"Directed, 5-node, fully connected (20 edges/day)",0.02,0.1,Daily closing FX rates are mid-market consensus prices — triangularly consistent by construction (no exploitable arb at EOD),2.220446049250313e-14
2024-02-13,0.92831,0.79192,149.404999,1.34553,False,0.0,,0,1.0,0.0,,False,0.0,,0,1.0,0.0,,2.860211533661893,0.0,1.0000000000000002,USD->CAD->EUR->USD,2.220446049250313e-14,1.0000000000000002,USD->GBP->CAD->EUR->USD,2.220446049250313e-14,Yahoo Finance daily closing rates,"Directed, 5-node, fully connected (20 edges/day)",0.02,0.1,Daily closing FX rates are mid-market consensus prices — triangularly consistent by construction (no exploitable arb at EOD),2.220446049250313e-14
2024-02-14,0.9338,0.79424,150.723999,1.35658,False,0.0,,0,1.0,0.0,,False,0.0,,0,1.0,0.0,,5.220919606330727,0.0,1.0000000000000002,EUR->CAD->USD->EUR,2.220446049250313e-14,1.0000000000000002,USD->GBP->EUR->JPY->USD,2.220446049250313e-14,Yahoo Finance daily closing rates,"Directed, 5-node, fully connected (20 edges/day)",0.02,0.1,Daily closing FX rates are mid-market consensus prices — triangularly consistent by construction (no exploitable arb at EOD),2.220446049250313e-14
2024-02-15,0.93178,0.79565,150.544006,1.35387,False,0.0,,0,1.0,0.0,EUR -> JPY -> EUR,False,0.0,,0,1.0,0.0,EUR -> JPY -> EUR,5.3684416368625545,0.0,1.0000000000000002,EUR->CAD->JPY->EUR,2.220446049250313e-14,1.0000000000000002,USD->CAD->EUR->GBP->USD,2.220446049250313e-14,Yahoo Finance daily closing rates,"Directed, 5-node, fully connected (20 edges/day)",0.02,0.1,Daily closing FX rates are mid-market consensus prices — triangularly consistent by construction (no exploitable arb at EOD),2.220446049250313e-14
2024-02-16,0.92817,0.7937,149.945999,1.34653,False,0.0,,0,1.0,0.0,,False,0.0,,0,1.0,0.0,,6.352932148362127,0.0,1.0000000000000002,GBP->JPY->USD->GBP,2.220446049250313e-14,1.0000000000000002,GBP->EUR->JPY->USD->GBP,2.220446049250313e-14,Yahoo Finance daily closing rates,"Directed, 5-node, fully connected (20 edges/day)",0.02,0.1,Daily closing FX rates are mid-market consensus prices — triangularly consistent by construction (no exploitable arb at EOD),2.220446049250313e-14
2024-02-19,0.92722,0.79295,150.091003,1.34778,False,0.0,,0,1.0,0.0,GBP -> USD -> EUR -> GBP,False,0.0,,0,1.0,0.0,GBP -> USD -> EUR -> GBP,6.202141975625927,0.0,1.0000000000000002,GBP->USD->EUR->GBP,2.220446049250313e-14,1.0000000000000002,GBP->USD->EUR->JPY->GBP,2.220446049250313e-14,Yahoo Finance daily closing rates,"Directed, 5-node, fully connected (20 edges/day)",0.02,0.1,Daily closing FX rates are mid-market consensus prices — triangularly consistent by construction (no exploitable arb at EOD),2.220446049250313e-14
2024-02-20,0.92804,0.79443,150.270004,1.3498,False,0.0,,0,1.0,0.0,,False,0.0,,0,1.0,0.0,,5.957737542413411,0.0,1.0000000000000002,EUR->USD->JPY->EUR,2.220446049250313e-14,1.0000000000000002,EUR->USD->CAD->JPY->EUR,2.220446049250313e-14,Yahoo Finance daily closing rates,"Directed, 5-node, fully connected (20 edges/day)",0.02,0.1,Daily closing FX rates are mid-market consensus prices — triangularly consistent by construction (no exploitable arb at EOD),2.220446049250313e-14
2024-02-21,0.9248,0.79193,149.938995,1.35219,False,0.0,,0,1.0,0.0,,False,0.0,,0,1.0,0.0,,3.0802915070439343,0.0,1.0000000000000002,USD->JPY->GBP->USD,2.220446049250313e-14,1.0000000000000002,USD->EUR->JPY->GBP->USD,2.220446049250313e-14,Yahoo Finance daily closing rates,"Directed, 5-node, fully connected (20 edges/day)",0.02,0.1,Daily closing FX rates are mid-market consensus prices — triangularly consistent by construction (no exploitable arb at EOD),2.220446049250313e-14
2024-02-22,0.92418,0.79126,150.354996,1.3497,False,0.0,,0,1.0,0.0,,False,0.0,,0,1.0,0.0,,3.191228552560752,0.0,1.0000000000000002,USD->GBP->EUR->USD,2.220446049250313e-14,1.0000000000000002,USD->GBP->EUR->JPY->USD,2.220446049250313e-14,Yahoo Finance daily closing rates,"Directed, 5-node, fully connected (20 edges/day)",0.02,0.1,Daily closing FX rates are mid-market consensus prices — triangularly consistent by construction (no exploitable arb at EOD),2.220446049250313e-14
2024-02-23,0.92373,0.78966,150.483002,1.34814,False,0.0,,0,1.0,0.0,,False,0.0,,0,1.0,0.0,,2.528714724566279,0.0,1.0,USD->EUR->GBP->USD,0.0,1.0000000000000002,USD->GBP->EUR->JPY->USD,2.220446049250313e-14,Yahoo Finance daily closing rates,"Directed, 5-node, fully connected (20 edges/day)",0.02,0.1,Daily closing FX rates are mid-market consensus prices — triangularly consistent by construction (no exploitable arb at EOD),0.0
2024-02-26,0.92421,0.7891,150.498001,1.35072,False,0.0,,0,1.0,0.0,,False,0.0,,0,1.0,0.0,,2.7328958510788945,0.0,1.0000000000000002,USD->JPY->GBP->USD,2.220446049250313e-14,1.0000000000000002,USD->EUR->JPY->GBP->USD,2.220446049250313e-14,Yahoo Finance daily closing rates,"Directed, 5-node, fully connected (20 edges/day)",0.02,0.1,Daily closing FX rates are mid-market consensus prices — triangularly consistent by construction (no exploitable arb at EOD),2.220446049250313e-14
2024-02-27,0.92158,0.78836,150.565994,1.35013,False,0.0,,0,1.0,0.0,CAD -> GBP -> USD -> CAD,False,0.0,,0,1.0,0.0,CAD -> GBP -> USD -> CAD,2.697549810207011,0.0,1.0000000000000002,GBP->USD->JPY->GBP,2.220446049250313e-14,1.0000000000000002,EUR->GBP->USD->JPY->EUR,2.220446049250313e-14,Yahoo Finance daily closing rates,"Directed, 5-node, fully connected (20 edges/day)",0.02,0.1,Daily closing FX rates are mid-market consensus prices — triangularly consistent by construction (no exploitable arb at EOD),2.220446049250313e-14
2024-02-28,0.9221,0.78854,150.494995,1.35317,False,0.0,,0,1.0,0.0,GBP -> USD -> EUR -> GBP,False,0.0,,0,1.0,0.0,GBP -> USD -> EUR -> GBP,2.200531803128945,0.0,1.0000000000000002,EUR->GBP->USD->EUR,2.220446049250313e-14,1.0000000000000002,EUR->GBP->USD->JPY->EUR,2.220446049250313e-14,Yahoo Finance daily closing rates,"Directed, 5-node, fully connected (20 edges/day)",0.02,0.1,Daily closing FX rates are mid-market consensus prices — triangularly consistent by construction (no exploitable arb at EOD),2.220446049250313e-14
2024-02-29,0.92261,0.7897,150.656006,1.35775,False,0.0,,0,1.0,0.0,,False,0.0,,0,1.0,0.0,,2.337626672850473,0.0,1.0000000000000002,EUR->GBP->USD->EUR,2.220446049250313e-14,1.0000000000000002,USD->JPY->EUR->GBP->USD,2.220446049250313e-14,Yahoo Finance daily closing rates,"Directed, 5-node, fully connected (20 edges/day)",0.02,0.1,Daily closing FX rates are mid-market consensus prices — triangularly consistent by construction (no exploitable arb at EOD),2.220446049250313e-14
2024-03-01,0.9255,0.79205,150.095001,1.35737,False,0.0,,0,1.0,0.0,,False,0.0,,0,1.0,0.0,,3.373402733034799,0.0,1.0000000000000002,GBP->CAD->USD->GBP,2.220446049250313e-14,1.0000000000000002,EUR->JPY->GBP->CAD->EUR,2.220446049250313e-14,Yahoo Finance daily closing rates,"Directed, 5-node, fully connected (20 edges/day)",0.02,0.1,Daily closing FX rates are mid-market consensus prices — triangularly consistent by construction (no exploitable arb at EOD),2.220446049250313e-14
2024-03-04,0.92228,0.78987,150.104996,1.35524,False,0.0,,0,1.0,0.0,,False,0.0,,0,1.0,0.0,,4.332851881701838,0.0,1.0000000000000002,USD->GBP->EUR->USD,2.220446049250313e-14,1.0000000000000002,USD->GBP->EUR->JPY->USD,2.220446049250313e-14,Yahoo Finance daily closing rates,"Directed, 5-node, fully connected (20 edges/day)",0.02,0.1,Daily closing FX rates are mid-market consensus prices — triangularly consistent by construction (no exploitable arb at EOD),2.220446049250313e-14
2024-03-05,0.92122,0.7879,150.466003,1.3572,False,0.0,,0,1.0,0.0,,False,0.0,,0,1.0,0.0,,3.87581471367245,0.0,1.0000000000000002,EUR->GBP->JPY->EUR,2.220446049250313e-14,1.0000000000000002,EUR->GBP->JPY->USD->EUR,2.220446049250313e-14,Yahoo Finance daily closing rates,"Directed, 5-node, fully connected (20 edges/day)",0.02,0.1,Daily closing FX rates are mid-market consensus prices — triangularly consistent by construction (no exploitable arb at EOD),2.220446049250313e-14
2024-03-06,0.92115,0.7871,150.048996,1.359,False,0.0,,0,1.0,0.0,,False,0.0,,0,1.0,0.0,,3.835423056106877,0.0,1.0000000000000002,GBP->EUR->CAD->GBP,2.220446049250313e-14,1.0000000000000002,USD->GBP->EUR->JPY->USD,2.220446049250313e-14,Yahoo Finance daily closing rates,"Directed, 5-node, fully connected (20 edges/day)",0.02,0.1,Daily closing FX rates are mid-market consensus prices — triangularly consistent by construction (no exploitable arb at EOD),2.220446049250313e-14
2024-03-07,0.91747,0.78521,149.268997,1.35127,False,0.0,,0,1.0,0.0,,False,0.0,,0,1.0,0.0,,4.562263306241475,0.0,1.0,USD->EUR->GBP->USD,0.0,1.0,USD->EUR->GBP->JPY->USD,0.0,Yahoo Finance daily closing rates,"Directed, 5-node, fully connected (20 edges/day)",0.02,0.1,Daily closing FX rates are mid-market consensus prices — triangularly consistent by construction (no exploitable arb at EOD),0.0
2024-03-08,0.91323,0.7803,147.867996,1.3452,False,0.0,,0,1.0,0.0,,False,0.0,,0,1.0,0.0,,3.107797323901654,0.0,1.0000000000000002,EUR->CAD->GBP->EUR,2.220446049250313e-14,1.0000000000000002,USD->JPY->GBP->CAD->USD,2.220446049250313e-14,Yahoo Finance daily closing rates,"Directed, 5-node, fully connected (20 edges/day)",0.02,0.1,Daily closing FX rates are mid-market consensus prices — triangularly consistent by construction (no exploitable arb at EOD),2.220446049250313e-14
2024-03-11,0.91383,0.7779,146.774002,1.34845,False,0.0,,0,1.0,0.0,,False,0.0,,0,1.0,0.0,,3.7478918843496607,0.0,1.0000000000000002,EUR->JPY->GBP->EUR,2.220446049250313e-14,1.0000000000000002,USD->CAD->EUR->JPY->USD,2.220446049250313e-14,Yahoo Finance daily closing rates,"Directed, 5-node, fully connected (20 edges/day)",0.02,0.1,Daily closing FX rates are mid-market consensus prices — triangularly consistent by construction (no exploitable arb at EOD),2.220446049250313e-14
2024-03-12,0.9148,0.780043,146.731995,1.34775,False,0.0,,0,1.0,0.0,JPY -> USD -> CAD -> JPY,False,0.0,,0,1.0,0.0,JPY -> USD -> CAD -> JPY,4.293582204017925,0.0,1.0000000000000002,EUR->JPY->USD->EUR,2.220446049250313e-14,1.0000000000000002,USD->GBP->EUR->JPY->USD,2.220446049250313e-14,Yahoo Finance daily closing rates,"Directed, 5-node, fully connected (20 edges/day)",0.02,0.1,Daily closing FX rates are mid-market consensus prices — triangularly consistent by construction (no exploitable arb at EOD),2.220446049250313e-14
2024-03-13,0.9151,0.7815,147.619003,1.34931,False,0.0,,0,1.0,0.0,CAD -> USD -> JPY -> CAD,False,0.0,,0,1.0,0.0,CAD -> USD -> JPY -> CAD,4.3806570062419015,0.0,1.0000000000000002,GBP->USD->EUR->GBP,2.220446049250313e-14,1.0000000000000002,EUR->JPY->GBP->USD->EUR,2.220446049250313e-14,Yahoo Finance daily closing rates,"Directed, 5-node, fully connected (20 edges/day)",0.02,0.1,Daily closing FX rates are mid-market consensus prices — triangularly consistent by construction (no exploitable arb at EOD),2.220446049250313e-14
2024-03-14,0.9128,0.78112,147.621002,1.34663,False,0.0,,0,1.0,0.0,CAD -> USD -> EUR -> CAD,False,0.0,,0,1.0,0.0,CAD -> USD -> EUR -> CAD,3.908292694898205,0.0,1.0000000000000002,EUR->JPY->GBP->EUR,2.220446049250313e-14,1.0000000000000002,USD->CAD->GBP->EUR->USD,2.220446049250313e-14,Yahoo Finance daily closing rates,"Directed, 5-node, fully connected (20 edges/day)",0.02,0.1,Daily closing FX rates are mid-market consensus prices — triangularly consistent by construction (no exploitable arb at EOD),2.220446049250313e-14
2024-03-15,0.91883,0.78457,148.296005,1.35377,False,0.0,,0,1.0,0.0,,False,0.0,,0,1.0,0.0,,5.257561416622395,0.0,1.0000000000000002,EUR->GBP->USD->EUR,2.220446049250313e-14,1.0000000000000002,USD->JPY->EUR->GBP->USD,2.220446049250313e-14,Yahoo Finance daily closing rates,"Directed, 5-node, fully connected (20 edges/day)",0.02,0.1,Daily closing FX rates are mid-market consensus prices — triangularly consistent by construction (no exploitable arb at EOD),2.220446049250313e-14
2024-03-18,0.9189,0.78546,148.955002,1.35461,False,0.0,,0,1.0,0.0,,False,0.0,,0,1.0,0.0,,5.312799243361834,0.0,1.0,USD->EUR->GBP->USD,0.0,1.0000000000000002,EUR->JPY->GBP->USD->EUR,2.220446049250313e-14,Yahoo Finance daily closing rates,"Directed, 5-node, fully connected (20 edges/day)",0.02,0.1,Daily closing FX rates are mid-market consensus prices — triangularly consistent by construction (no exploitable arb at EOD),0.0
2024-03-19,0.91963,0.78572,149.143997,1.35348,False,0.0,,0,1.0,0.0,,False,0.0,,0,1.0,0.0,,5.3176172410889375,0.0,1.0000000000000002,EUR->USD->GBP->EUR,2.220446049250313e-14,1.0000000000000002,USD->CAD->GBP->EUR->USD,2.220446049250313e-14,Yahoo Finance daily closing rates,"Directed, 5-node, fully connected (20 edges/day)",0.02,0.1,Daily closing FX rates are mid-market consensus prices — triangularly consistent by construction (no exploitable arb at EOD),2.220446049250313e-14
2024-03-20,0.92053,0.7862,151.035004,1.35731,False,0.0,,0,1.0,0.0,GBP -> CAD -> GBP,False,0.0,,0,1.0,0.0,GBP -> CAD -> GBP,5.281656418828081,0.0,1.0000000000000002,EUR->JPY->USD->EUR,2.220446049250313e-14,1.0000000000000002,EUR->JPY->USD->GBP->EUR,2.220446049250313e-14,Yahoo Finance daily closing rates,"Directed, 5-node, fully connected (20 edges/day)",0.02,0.1,Daily closing FX rates are mid-market consensus prices — triangularly consistent by construction (no exploitable arb at EOD),2.220446049250313e-14
2024-03-21,0.91431,0.78135,150.759995,1.34719,False,0.0,,0,1.0,0.0,,False,0.0,,0,1.0,0.0,,7.545290397755762,0.0,1.0000000000000002,JPY->CAD->USD->JPY,2.220446049250313e-14,1.0000000000000002,JPY->USD->CAD->EUR->JPY,2.220446049250313e-14,Yahoo Finance daily closing rates,"Directed, 5-node, fully connected (20 edges/day)",0.02,0.1,Daily closing FX rates are mid-market consensus prices — triangularly consistent by construction (no exploitable arb at EOD),2.220446049250313e-14
2024-03-22,0.92061,0.78977,151.632996,1.3527,False,0.0,,0,1.0,0.0,,False,0.0,,0,1.0,0.0,,7.693994760274052,0.0,1.0000000000000002,EUR->USD->JPY->EUR,2.220446049250313e-14,1.0000000000000002,EUR->USD->CAD->JPY->EUR,2.220446049250313e-14,Yahoo Finance daily closing rates,"Directed, 5-node, fully connected (20 edges/day)",0.02,0.1,Daily closing FX rates are mid-market consensus prices — triangularly consistent by construction (no exploitable arb at EOD),2.220446049250313e-14
2024-03-25,0.92528,0.79378,151.304993,1.36115,False,0.0,,0,1.0,0.0,GBP -> CAD -> GBP,False,0.0,,0,1.0,0.0,GBP -> CAD -> GBP,8.352447808642587,0.0,1.0000000000000002,USD->CAD->GBP->USD,2.220446049250313e-14,1.0000000000000002,USD->EUR->CAD->GBP->USD,2.220446049250313e-14,Yahoo Finance daily closing rates,"Directed, 5-node, fully connected (20 edges/day)",0.02,0.1,Daily closing FX rates are mid-market consensus prices — triangularly consistent by construction (no exploitable arb at EOD),2.220446049250313e-14
2024-03-26,0.92266,0.79127,151.373001,1.35846,False,0.0,,0,1.0,0.0,,False,0.0,,0,1.0,0.0,,8.893842649044824,0.0,1.0000000000000002,USD->CAD->GBP->USD,2.220446049250313e-14,1.0000000000000002,USD->EUR->CAD->GBP->USD,2.220446049250313e-14,Yahoo Finance daily closing rates,"Directed, 5-node, fully connected (20 edges/day)",0.02,0.1,Daily closing FX rates are mid-market consensus prices — triangularly consistent by construction (no exploitable arb at EOD),2.220446049250313e-14
2024-03-27,0.92316,0.79186,151.529999,1.3581,False,0.0,,0,1.0,0.0,,False,0.0,,0,1.0,0.0,,8.889336373817105,0.0,1.0000000000000002,USD->JPY->GBP->USD,2.220446049250313e-14,1.0000000000000002,USD->EUR->JPY->GBP->USD,2.220446049250313e-14,Yahoo Finance daily closing rates,"Directed, 5-node, fully connected (20 edges/day)",0.02,0.1,Daily closing FX rates are mid-market consensus prices — triangularly consistent by construction (no exploitable arb at EOD),2.220446049250313e-14
2024-03-28,0.92478,0.7926,151.287003,1.3586,False,0.0,,0,1.0,0.0,,False,0.0,,0,1.0,0.0,,6.05705560952048,0.0,1.0000000000000002,USD->CAD->EUR->USD,2.220446049250313e-14,1.0000000000000002,USD->GBP->CAD->EUR->USD,2.220446049250313e-14,Yahoo Finance daily closing rates,"Directed, 5-node, fully connected (20 edges/day)",0.02,0.1,Daily closing FX rates are mid-market consensus prices — triangularly consistent by construction (no exploitable arb at EOD),2.220446049250313e-14
2024-03-29,0.9264,0.792,151.440002,1.3536,False,0.0,,0,1.0,0.0,,False,0.0,,0,1.0,0.0,,4.504870536234028,0.0,1.0000000000000002,EUR->JPY->USD->EUR,2.220446049250313e-14,1.0000000000000002,USD->CAD->EUR->GBP->USD,2.220446049250313e-14,Yahoo Finance daily closing rates,"Directed, 5-node, fully connected (20 edges/day)",0.02,0.1,Daily closing FX rates are mid-market consensus prices — triangularly consistent by construction (no exploitable arb at EOD),2.220446049250313e-14
2024-04-01,0.92655,0.79131,151.397995,1.35219,False,0.0,,0,1.0,0.0,,False,0.0,,0,1.0,0.0,,2.9827008841677847,0.0,1.0000000000000002,USD->CAD->GBP->USD,2.220446049250313e-14,1.0000000000000002,USD->EUR->CAD->GBP->USD,2.220446049250313e-14,Yahoo Finance daily closing rates,"Directed, 5-node, fully connected (20 edges/day)",0.02,0.1,Daily closing FX rates are mid-market consensus prices — triangularly consistent by construction (no exploitable arb at EOD),2.220446049250313e-14
2024-04-02,0.93134,0.7971,151.580994,1.35737,False,0.0,,0,1.0,0.0,,False,0.0,,0,1.0,0.0,,3.1259220499859923,0.0,1.0000000000000002,EUR->JPY->USD->EUR,2.220446049250313e-14,1.0000000000000002,USD->GBP->EUR->JPY->USD,2.220446049250313e-14,Yahoo Finance daily closing rates,"Directed, 5-node, fully connected (20 edges/day)",0.02,0.1,Daily closing FX rates are mid-market consensus prices — triangularly consistent by construction (no exploitable arb at EOD),2.220446049250313e-14
2024-04-03,0.92863,0.79511,151.539993,1.35643,False,0.0,,0,1.0,0.0,,False,0.0,,0,1.0,0.0,,4.646051103100019,0.0,1.0000000000000002,EUR->GBP->CAD->EUR,2.220446049250313e-14,1.0000000000000002,EUR->USD->JPY->CAD->EUR,2.220446049250313e-14,Yahoo Finance daily closing rates,"Directed, 5-node, fully connected (20 edges/day)",0.02,0.1,Daily closing FX rates are mid-market consensus prices — triangularly consistent by construction (no exploitable arb at EOD),2.220446049250313e-14
2024-04-04,0.92265,0.7904,151.580994,1.35238,False,0.0,,0,1.0,0.0,EUR -> USD -> CAD -> EUR,False,0.0,,0,1.0,0.0,EUR -> USD -> CAD -> EUR,7.047776063565619,0.0,1.0000000000000002,USD->JPY->GBP->USD,2.220446049250313e-14,1.0000000000000002,USD->EUR->JPY->GBP->USD,2.220446049250313e-14,Yahoo Finance daily closing rates,"Directed, 5-node, fully connected (20 edges/day)",0.02,0.1,Daily closing FX rates are mid-market consensus prices — triangularly consistent by construction (no exploitable arb at EOD),2.220446049250313e-14
2024-04-05,0.92276,0.791127,151.292007,1.35445,False,0.0,,0,1.0,0.0,,False,0.0,,0,1.0,0.0,,6.816689123217865,0.0,1.0000000000000002,USD->GBP->EUR->USD,2.220446049250313e-14,1.0000000000000002,USD->GBP->EUR->JPY->USD,2.220446049250313e-14,Yahoo Finance daily closing rates,"Directed, 5-node, fully connected (20 edges/day)",0.02,0.1,Daily closing FX rates are mid-market consensus prices — triangularly consistent by construction (no exploitable arb at EOD),2.220446049250313e-14
2024-04-08,0.92332,0.79206,151.690002,1.36041,False,0.0,,0,1.0,0.0,GBP -> EUR -> CAD -> GBP,False,0.0,,0,1.0,0.0,GBP -> EUR -> CAD -> GBP,6.862869042877774,0.0,1.0000000000000002,USD->GBP->EUR->USD,2.220446049250313e-14,1.0000000000000002,USD->GBP->EUR->CAD->USD,2.220446049250313e-14,Yahoo Finance daily closing rates,"Directed, 5-node, fully connected (20 edges/day)",0.02,0.1,Daily closing FX rates are mid-market consensus prices — triangularly consistent by construction (no exploitable arb at EOD),2.220446049250313e-14
2024-04-09,0.9205,0.78997,151.843002,1.35708,False,0.0,,0,1.0,0.0,,False,0.0,,0,1.0,0.0,,4.528746570406081,0.0,1.0000000000000002,EUR->JPY->USD->EUR,2.220446049250313e-14,1.0000000000000002,USD->CAD->GBP->JPY->USD,2.220446049250313e-14,Yahoo Finance daily closing rates,"Directed, 5-node, fully connected (20 edges/day)",0.02,0.1,Daily closing FX rates are mid-market consensus prices — triangularly consistent by construction (no exploitable arb at EOD),2.220446049250313e-14
2024-04-10,0.92087,0.78879,151.776993,1.35729,False,0.0,,0,1.0,0.0,,False,0.0,,0,1.0,0.0,,4.864053108949168,0.0,1.0000000000000002,USD->JPY->CAD->USD,2.220446049250313e-14,1.0000000000000002,USD->EUR->JPY->CAD->USD,2.220446049250313e-14,Yahoo Finance daily closing rates,"Directed, 5-node, fully connected (20 edges/day)",0.02,0.1,Daily closing FX rates are mid-market consensus prices — triangularly consistent by construction (no exploitable arb at EOD),2.220446049250313e-14
2024-04-11,0.93095,0.7976,152.964005,1.3687,False,0.0,,0,1.0,0.0,CAD -> EUR -> JPY -> CAD,False,0.0,,0,1.0,0.0,CAD -> EUR -> JPY -> CAD,8.414238633013737,0.0,1.0000000000000002,USD->GBP->EUR->USD,2.220446049250313e-14,1.0000000000000002,USD->EUR->JPY->GBP->USD,2.220446049250313e-14,Yahoo Finance daily closing rates,"Directed, 5-node, fully connected (20 edges/day)",0.02,0.1,Daily closing FX rates are mid-market consensus prices — triangularly consistent by construction (no exploitable arb at EOD),2.220446049250313e-14
2024-04-12,0.93224,0.79651,153.192001,1.36869,False,0.0,,0,1.0,0.0,,False,0.0,,0,1.0,0.0,,8.303050745242997,0.0,1.0000000000000002,EUR->GBP->JPY->EUR,2.220446049250313e-14,1.0000000000000002,USD->CAD->EUR->GBP->USD,2.220446049250313e-14,Yahoo Finance daily closing rates,"Directed, 5-node, fully connected (20 edges/day)",0.02,0.1,Daily closing FX rates are mid-market consensus prices — triangularly consistent by construction (no exploitable arb at EOD),2.220446049250313e-14
2024-04-15,0.939,0.80245,153.283005,1.3758,False,0.0,,0,1.0,0.0,,False,0.0,,0,1.0,0.0,,8.889887459401237,0.0,1.0000000000000002,EUR->CAD->JPY->EUR,2.220446049250313e-14,1.0000000000000002,EUR->USD->CAD->JPY->EUR,2.220446049250313e-14,Yahoo Finance daily closing rates,"Directed, 5-node, fully connected (20 edges/day)",0.02,0.1,Daily closing FX rates are mid-market consensus prices — triangularly consistent by construction (no exploitable arb at EOD),2.220446049250313e-14
2024-04-16,0.94111,0.80338,154.205994,1.37863,False,0.0,,0,1.0,0.0,,False,0.0,,0,1.0,0.0,,7.0894238810456205,0.0,1.0000000000000002,GBP->USD->EUR->GBP,2.220446049250313e-14,1.0000000000000002,GBP->USD->EUR->JPY->GBP,2.220446049250313e-14,Yahoo Finance daily closing rates,"Directed, 5-node, fully connected (20 edges/day)",0.02,0.1,Daily closing FX rates are mid-market consensus prices — triangularly consistent by construction (no exploitable arb at EOD),2.220446049250313e-14
2024-04-17,0.94149,0.80444,154.697998,1.38188,False,0.0,,0,1.0,0.0,,False,0.0,,0,1.0,0.0,,7.088771878774539,0.0,1.0000000000000002,USD->JPY->EUR->USD,2.220446049250313e-14,1.0000000000000002,USD->GBP->JPY->EUR->USD,2.220446049250313e-14,Yahoo Finance daily closing rates,"Directed, 5-node, fully connected (20 edges/day)",0.02,0.1,Daily closing FX rates are mid-market consensus prices — triangularly consistent by construction (no exploitable arb at EOD),2.220446049250313e-14
2024-04-18,0.93726,0.80297,154.341995,1.37718,False,0.0,,0,1.0,0.0,,False,0.0,,0,1.0,0.0,,6.663151405441485,0.0,1.0000000000000002,USD->JPY->CAD->USD,2.220446049250313e-14,1.0000000000000002,USD->EUR->JPY->CAD->USD,2.220446049250313e-14,Yahoo Finance daily closing rates,"Directed, 5-node, fully connected (20 edges/day)",0.02,0.1,Daily closing FX rates are mid-market consensus prices — triangularly consistent by construction (no exploitable arb at EOD),2.220446049250313e-14
2024-04-19,0.93948,0.80401,154.610001,1.37693,False,0.0,,0,1.0,0.0,,False,0.0,,0,1.0,0.0,,6.702562718404606,0.0,1.0000000000000002,GBP->JPY->USD->GBP,2.220446049250313e-14,1.0000000000000002,EUR->GBP->JPY->USD->EUR,2.220446049250313e-14,Yahoo Finance daily closing rates,"Directed, 5-node, fully connected (20 edges/day)",0.02,0.1,Daily closing FX rates are mid-market consensus prices — triangularly consistent by construction (no exploitable arb at EOD),2.220446049250313e-14
2024-04-22,0.93824,0.80803,154.639999,1.3739,False,0.0,,0,1.0,0.0,,False,0.0,,0,1.0,0.0,,4.538020263170813,0.0,1.0000000000000002,USD->GBP->EUR->USD,2.220446049250313e-14,1.0000000000000002,USD->GBP->EUR->JPY->USD,2.220446049250313e-14,Yahoo Finance daily closing rates,"Directed, 5-node, fully connected (20 edges/day)",0.02,0.1,Daily closing FX rates are mid-market consensus prices — triangularly consistent by construction (no exploitable arb at EOD),2.220446049250313e-14
2024-04-23,0.93861,0.8097,154.813004,1.37005,False,0.0,,0,1.0,0.0,,False,0.0,,0,1.0,0.0,,4.087630179669183,0.0,1.0000000000000002,EUR->JPY->USD->EUR,2.220446049250313e-14,1.0000000000000002,EUR->GBP->JPY->USD->EUR,2.220446049250313e-14,Yahoo Finance daily closing rates,"Directed, 5-node, fully connected (20 edges/day)",0.02,0.1,Daily closing FX rates are mid-market consensus prices — triangularly consistent by construction (no exploitable arb at EOD),2.220446049250313e-14
2024-04-24,0.9342,0.803,154.744003,1.36606,False,0.0,,0,1.0,0.0,GBP -> USD -> EUR -> GBP,False,0.0,,0,1.0,0.0,GBP -> USD -> EUR -> GBP,4.884405454350143,0.0,1.0000000000000002,USD->CAD->GBP->USD,2.220446049250313e-14,1.0000000000000002,USD->EUR->CAD->GBP->USD,2.220446049250313e-14,Yahoo Finance daily closing rates,"Directed, 5-node, fully connected (20 edges/day)",0.02,0.1,Daily closing FX rates are mid-market consensus prices — triangularly consistent by construction (no exploitable arb at EOD),2.220446049250313e-14
2024-04-25,0.93459,0.8026,155.259003,1.37042,False,0.0,,0,1.0,0.0,,False,0.0,,0,1.0,0.0,,4.21668238157463,0.0,1.0000000000000002,USD->GBP->EUR->USD,2.220446049250313e-14,1.0000000000000002,USD->GBP->EUR->JPY->USD,2.220446049250313e-14,Yahoo Finance daily closing rates,"Directed, 5-node, fully connected (20 edges/day)",0.02,0.1,Daily closing FX rates are mid-market consensus prices — triangularly consistent by construction (no exploitable arb at EOD),2.220446049250313e-14
2024-04-26,0.932,0.79942,155.597,1.3658,False,0.0,,0,1.0,0.0,,False,0.0,,0,1.0,0.0,,3.475655700549576,0.0,1.0000000000000002,GBP->EUR->USD->GBP,2.220446049250313e-14,1.0000000000000002,GBP->EUR->USD->CAD->GBP,2.220446049250313e-14,Yahoo Finance daily closing rates,"Directed, 5-node, fully connected (20 edges/day)",0.02,0.1,Daily closing FX rates are mid-market consensus prices — triangularly consistent by construction (no exploitable arb at EOD),2.220446049250313e-14
2024-04-29,0.93398,0.79933,158.223999,1.36559,False,0.0,,0,1.0,0.0,GBP -> USD -> JPY -> CAD -> GBP,False,0.0,,0,1.0,0.0,GBP -> USD -> JPY -> CAD -> GBP,4.388684934761022,0.0,1.0000000000000002,USD->GBP->EUR->USD,2.220446049250313e-14,1.0000000000000002,USD->EUR->CAD->GBP->USD,2.220446049250313e-14,Yahoo Finance daily closing rates,"Directed, 5-node, fully connected (20 edges/day)",0.02,0.1,Daily closing FX rates are mid-market consensus prices — triangularly consistent by construction (no exploitable arb at EOD),2.220446049250313e-14
2024-04-30,0.93321,0.79619,156.313995,1.36667,False,0.0,,0,1.0,0.0,,False,0.0,,0,1.0,0.0,,4.243340235452639,0.0,1.0000000000000002,USD->JPY->GBP->USD,2.220446049250313e-14,1.0000000000000002,USD->EUR->JPY->GBP->USD,2.220446049250313e-14,Yahoo Finance daily closing rates,"Directed, 5-node, fully connected (20 edges/day)",0.02,0.1,Daily closing FX rates are mid-market consensus prices — triangularly consistent by construction (no exploitable arb at EOD),2.220446049250313e-14
2024-05-01,0.93751,0.80063,157.722,1.3777,False,0.0,,0,1.0,0.0,,False,0.0,,0,1.0,0.0,,4.4682971272165934,0.0,1.0,USD->EUR->GBP->USD,0.0,1.0000000000000002,GBP->CAD->JPY->USD->GBP,2.220446049250313e-14,Yahoo Finance daily closing rates,"Directed, 5-node, fully connected (20 edges/day)",0.02,0.1,Daily closing FX rates are mid-market consensus prices — triangularly consistent by construction (no exploitable arb at EOD),0.0
2024-05-02,0.9327,0.79749,155.703995,1.3723,False,0.0,,0,1.0,0.0,,False,0.0,,0,1.0,0.0,,6.130650781945408,0.0,1.0000000000000002,EUR->GBP->JPY->EUR,2.220446049250313e-14,1.0000000000000002,EUR->USD->GBP->JPY->EUR,2.220446049250313e-14,Yahoo Finance daily closing rates,"Directed, 5-node, fully connected (20 edges/day)",0.02,0.1,Daily closing FX rates are mid-market consensus prices — triangularly consistent by construction (no exploitable arb at EOD),2.220446049250313e-14
2024-05-03,0.9317,0.79741,153.044998,1.36662,False,0.0,,0,1.0,0.0,GBP -> EUR -> CAD -> GBP,False,0.0,,0,1.0,0.0,GBP -> EUR -> CAD -> GBP,5.827634973194622,0.0,1.0000000000000002,USD->JPY->GBP->USD,2.220446049250313e-14,1.0000000000000002,USD->EUR->JPY->GBP->USD,2.220446049250313e-14,Yahoo Finance daily closing rates,"Directed, 5-node, fully connected (20 edges/day)",0.02,0.1,Daily closing FX rates are mid-market consensus prices — triangularly consistent by construction (no exploitable arb at EOD),2.220446049250313e-14
2024-05-06,0.92953,0.79738,153.565994,1.36915,False,0.0,,0,1.0,0.0,JPY -> CAD -> JPY,False,0.0,,0,1.0,0.0,JPY -> CAD -> JPY,5.629251119113636,0.0,1.0000000000000002,EUR->CAD->USD->EUR,2.220446049250313e-14,1.0000000000000002,EUR->GBP->CAD->USD->EUR,2.220446049250313e-14,Yahoo Finance daily closing rates,"Directed, 5-node, fully connected (20 edges/day)",0.02,0.1,Daily closing FX rates are mid-market consensus prices — triangularly consistent by construction (no exploitable arb at EOD),2.220446049250313e-14
2024-05-07,0.92872,0.79619,154.237,1.36709,False,0.0,,0,1.0,0.0,,False,0.0,,0,1.0,0.0,,5.6286637664611145,0.0,1.0000000000000002,EUR->CAD->GBP->EUR,2.220446049250313e-14,1.0000000000000002,EUR->USD->CAD->GBP->EUR,2.220446049250313e-14,Yahoo Finance daily closing rates,"Directed, 5-node, fully connected (20 edges/day)",0.02,0.1,Daily closing FX rates are mid-market consensus prices — triangularly consistent by construction (no exploitable arb at EOD),2.220446049250313e-14
2024-05-08,0.93019,0.79991,154.748001,1.37332,False,0.0,,0,1.0,0.0,GBP -> EUR -> JPY -> GBP,False,0.0,,0,1.0,0.0,GBP -> EUR -> JPY -> GBP,3.8900372207790497,0.0,1.0000000000000002,GBP->JPY->CAD->GBP,2.220446049250313e-14,1.0000000000000002,GBP->USD->JPY->CAD->GBP,2.220446049250313e-14,Yahoo Finance daily closing rates,"Directed, 5-node, fully connected (20 edges/day)",0.02,0.1,Daily closing FX rates are mid-market consensus prices — triangularly consistent by construction (no exploitable arb at EOD),2.220446049250313e-14
2024-05-09,0.9305,0.80043,155.419006,1.37272,False,0.0,,0,1.0,0.0,,False,0.0,,0,1.0,0.0,,2.3605902727544277,0.0,1.0000000000000002,EUR->CAD->USD->EUR,2.220446049250313e-14,1.0000000000000002,EUR->GBP->CAD->USD->EUR,2.220446049250313e-14,Yahoo Finance daily closing rates,"Directed, 5-node, fully connected (20 edges/day)",0.02,0.1,Daily closing FX rates are mid-market consensus prices — triangularly consistent by construction (no exploitable arb at EOD),2.220446049250313e-14
2024-05-10,0.9272,0.79836,155.389008,1.36778,False,0.0,,0,1.0,0.0,,False,0.0,,0,1.0,0.0,,3.247856067013792,0.0,1.0000000000000002,EUR->USD->JPY->EUR,2.220446049250313e-14,1.0000000000000002,EUR->USD->GBP->JPY->EUR,2.220446049250313e-14,Yahoo Finance daily closing rates,"Directed, 5-node, fully connected (20 edges/day)",0.02,0.1,Daily closing FX rates are mid-market consensus prices — triangularly consistent by construction (no exploitable arb at EOD),2.220446049250313e-14
2024-05-13,0.92847,0.79854,155.817993,1.3677,False,0.0,,0,1.0,0.0,,False,0.0,,0,1.0,0.0,,3.3306083607889914,0.0,1.0000000000000002,EUR->USD->JPY->EUR,2.220446049250313e-14,1.0000000000000002,EUR->USD->CAD->JPY->EUR,2.220446049250313e-14,Yahoo Finance daily closing rates,"Directed, 5-node, fully connected (20 edges/day)",0.02,0.1,Daily closing FX rates are mid-market consensus prices — triangularly consistent by construction (no exploitable arb at EOD),2.220446049250313e-14
2024-05-14,0.92648,0.79606,156.233002,1.36657,False,0.0,,0,1.0,0.0,,False,0.0,,0,1.0,0.0,,3.5977383644637007,0.0,1.0000000000000002,USD->CAD->EUR->USD,2.220446049250313e-14,1.0000000000000002,USD->GBP->CAD->EUR->USD,2.220446049250313e-14,Yahoo Finance daily closing rates,"Directed, 5-node, fully connected (20 edges/day)",0.02,0.1,Daily closing FX rates are mid-market consensus prices — triangularly consistent by construction (no exploitable arb at EOD),2.220446049250313e-14
2024-05-15,0.92468,0.79458,156.498001,1.36528,False,0.0,,0,1.0,0.0,,False,0.0,,0,1.0,0.0,,3.1682522933942283,0.0,1.0000000000000002,EUR->USD->CAD->EUR,2.220446049250313e-14,1.0000000000000002,EUR->USD->JPY->GBP->EUR,2.220446049250313e-14,Yahoo Finance daily closing rates,"Directed, 5-node, fully connected (20 edges/day)",0.02,0.1,Daily closing FX rates are mid-market consensus prices — triangularly consistent by construction (no exploitable arb at EOD),2.220446049250313e-14
2024-05-16,0.91829,0.78802,154.281998,1.3597,False,0.0,,0,1.0,0.0,,False,0.0,,0,1.0,0.0,,4.767238047528152,0.0,1.0000000000000002,USD->JPY->GBP->USD,2.220446049250313e-14,1.0000000000000002,USD->EUR->JPY->GBP->USD,2.220446049250313e-14,Yahoo Finance daily closing rates,"Directed, 5-node, fully connected (20 edges/day)",0.02,0.1,Daily closing FX rates are mid-market consensus prices — triangularly consistent by construction (no exploitable arb at EOD),2.220446049250313e-14
2024-05-17,0.92015,0.789141,155.378998,1.36146,False,0.0,,0,1.0,0.0,,False,0.0,,0,1.0,0.0,,5.65661489325208,0.0,1.0000000000000002,GBP->CAD->USD->GBP,2.220446049250313e-14,1.0000000000000002,GBP->JPY->CAD->USD->GBP,2.220446049250313e-14,Yahoo Finance daily closing rates,"Directed, 5-node, fully connected (20 edges/day)",0.02,0.1,Daily closing FX rates are mid-market consensus prices — triangularly consistent by construction (no exploitable arb at EOD),2.220446049250313e-14
2024-05-20,0.9195,0.787,155.753998,1.36079,False,0.0,,0,1.0,0.0,,False,0.0,,0,1.0,0.0,,5.1572181196259965,0.0,1.0000000000000002,USD->JPY->CAD->USD,2.220446049250313e-14,1.0000000000000002,USD->EUR->JPY->CAD->USD,2.220446049250313e-14,Yahoo Finance daily closing rates,"Directed, 5-node, fully connected (20 edges/day)",0.02,0.1,Daily closing FX rates are mid-market consensus prices — triangularly consistent by construction (no exploitable arb at EOD),2.220446049250313e-14
2024-05-21,0.92074,0.78673,156.369995,1.3621,False,0.0,,0,1.0,0.0,EUR -> USD -> JPY -> CAD -> EUR,False,0.0,,0,1.0,0.0,EUR -> USD -> JPY -> CAD -> EUR,5.643510836014879,0.0,1.0000000000000002,USD->JPY->CAD->USD,2.220446049250313e-14,1.0000000000000004,GBP->JPY->CAD->EUR->GBP,4.440892098500626e-14,Yahoo Finance daily closing rates,"Directed, 5-node, fully connected (20 edges/day)",0.02,0.1,Daily closing FX rates are mid-market consensus prices — triangularly consistent by construction (no exploitable arb at EOD),2.220446049250313e-14
2024-05-22,0.92122,0.7867,156.251007,1.36403,False,0.0,,0,1.0,0.0,,False,0.0,,0,1.0,0.0,,5.721315393465965,0.0,1.0000000000000002,EUR->GBP->USD->EUR,2.220446049250313e-14,1.0000000000000002,EUR->GBP->USD->CAD->EUR,2.220446049250313e-14,Yahoo Finance daily closing rates,"Directed, 5-node, fully connected (20 edges/day)",0.02,0.1,Daily closing FX rates are mid-market consensus prices — triangularly consistent by construction (no exploitable arb at EOD),2.220446049250313e-14
2024-05-23,0.92377,0.7861,156.703995,1.3689,False,0.0,,0,1.0,0.0,,False,0.0,,0,1.0,0.0,,2.136045617120773,0.0,1.0,USD->EUR->GBP->USD,0.0,1.0000000000000002,GBP->USD->CAD->EUR->GBP,2.220446049250313e-14,Yahoo Finance daily closing rates,"Directed, 5-node, fully connected (20 edges/day)",0.02,0.1,Daily closing FX rates are mid-market consensus prices — triangularly consistent by construction (no exploitable arb at EOD),0.0
2024-05-24,0.92484,0.78777,156.973007,1.37321,False,0.0,,0,1.0,0.0,,False,0.0,,0,1.0,0.0,,2.007794640317051,0.0,1.0000000000000002,USD->JPY->EUR->USD,2.220446049250313e-14,1.0000000000000002,USD->GBP->JPY->EUR->USD,2.220446049250313e-14,Yahoo Finance daily closing rates,"Directed, 5-node, fully connected (20 edges/day)",0.02,0.1,Daily closing FX rates are mid-market consensus prices — triangularly consistent by construction (no exploitable arb at EOD),2.220446049250313e-14
2024-05-27,0.92186,0.78517,156.869995,1.3666,False,0.0,,0,1.0,0.0,,False,0.0,,0,1.0,0.0,,3.564773129201347,0.0,1.0000000000000002,GBP->CAD->JPY->GBP,2.220446049250313e-14,1.0000000000000002,EUR->USD->CAD->JPY->EUR,2.220446049250313e-14,Yahoo Finance daily closing rates,"Directed, 5-node, fully connected (20 edges/day)",0.02,0.1,Daily closing FX rates are mid-market consensus prices — triangularly consistent by construction (no exploitable arb at EOD),2.220446049250313e-14
2024-05-28,0.92065,0.78294,156.845001,1.36289,False,0.0,,0,1.0,0.0,,False,0.0,,0,1.0,0.0,,3.671093315295643,0.0,1.0000000000000002,EUR->GBP->USD->EUR,2.220446049250313e-14,1.0000000000000002,EUR->GBP->USD->JPY->EUR,2.220446049250313e-14,Yahoo Finance daily closing rates,"Directed, 5-node, fully connected (20 edges/day)",0.02,0.1,Daily closing FX rates are mid-market consensus prices — triangularly consistent by construction (no exploitable arb at EOD),2.220446049250313e-14
2024-05-29,0.9215,0.7838,157.261993,1.3646,False,0.0,,0,1.0,0.0,,False,0.0,,0,1.0,0.0,,3.719124630135868,0.0,1.0000000000000002,USD->JPY->GBP->USD,2.220446049250313e-14,1.0000000000000002,USD->EUR->JPY->GBP->USD,2.220446049250313e-14,Yahoo Finance daily closing rates,"Directed, 5-node, fully connected (20 edges/day)",0.02,0.1,Daily closing FX rates are mid-market consensus prices — triangularly consistent by construction (no exploitable arb at EOD),2.220446049250313e-14
2024-05-30,0.92577,0.787526,157.608002,1.3717,False,0.0,,0,1.0,0.0,CAD -> EUR -> JPY -> CAD,False,0.0,,0,1.0,0.0,CAD -> EUR -> JPY -> CAD,4.680282138971538,0.0,1.0000000000000002,CAD->USD->EUR->CAD,2.220446049250313e-14,1.0000000000000002,EUR->USD->GBP->JPY->EUR,2.220446049250313e-14,Yahoo Finance daily closing rates,"Directed, 5-node, fully connected (20 edges/day)",0.02,0.1,Daily closing FX rates are mid-market consensus prices — triangularly consistent by construction (no exploitable arb at EOD),2.220446049250313e-14
2024-05-31,0.9229,0.78552,156.953003,1.36833,False,0.0,,0,1.0,0.0,,False,0.0,,0,1.0,0.0,,5.212305436105087,0.0,1.0000000000000002,EUR->GBP->USD->EUR,2.220446049250313e-14,1.0000000000000002,EUR->GBP->USD->CAD->EUR,2.220446049250313e-14,Yahoo Finance daily closing rates,"Directed, 5-node, fully connected (20 edges/day)",0.02,0.1,Daily closing FX rates are mid-market consensus prices — triangularly consistent by construction (no exploitable arb at EOD),2.220446049250313e-14
2024-06-03,0.9214,0.7847,157.179993,1.36189,False,0.0,,0,1.0,0.0,,False,0.0,,0,1.0,0.0,,4.7746406678434345,0.0,1.0000000000000002,EUR->JPY->USD->EUR,2.220446049250313e-14,1.0000000000000002,EUR->GBP->JPY->USD->EUR,2.220446049250313e-14,Yahoo Finance daily closing rates,"Directed, 5-node, fully connected (20 edges/day)",0.02,0.1,Daily closing FX rates are mid-market consensus prices — triangularly consistent by construction (no exploitable arb at EOD),2.220446049250313e-14
2024-06-04,0.91681,0.78063,156.076004,1.36287,False,0.0,,0,1.0,0.0,CAD -> EUR -> GBP -> CAD,False,0.0,,0,1.0,0.0,CAD -> EUR -> GBP -> CAD,5.937406780804386,0.0,1.0000000000000002,EUR->GBP->JPY->EUR,2.220446049250313e-14,1.0000000000000002,USD->JPY->EUR->GBP->USD,2.220446049250313e-14,Yahoo Finance daily closing rates,"Directed, 5-node, fully connected (20 edges/day)",0.02,0.1,Daily closing FX rates are mid-market consensus prices — triangularly consistent by construction (no exploitable arb at EOD),2.220446049250313e-14
2024-06-05,0.91896,0.7829,155.123993,1.36762,False,0.0,,0,1.0,0.0,,False,0.0,,0,1.0,0.0,,6.278062204350935,0.0,1.0000000000000002,USD->JPY->GBP->USD,2.220446049250313e-14,1.0000000000000002,USD->EUR->JPY->GBP->USD,2.220446049250313e-14,Yahoo Finance daily closing rates,"Directed, 5-node, fully connected (20 edges/day)",0.02,0.1,Daily closing FX rates are mid-market consensus prices — triangularly consistent by construction (no exploitable arb at EOD),2.220446049250313e-14
2024-06-06,0.91958,0.78157,155.929001,1.369,False,0.0,,0,1.0,0.0,,False,0.0,,0,1.0,0.0,,4.639493263633433,0.0,1.0000000000000002,GBP->CAD->USD->GBP,2.220446049250313e-14,1.0000000000000002,EUR->USD->CAD->GBP->EUR,2.220446049250313e-14,Yahoo Finance daily closing rates,"Directed, 5-node, fully connected (20 edges/day)",0.02,0.1,Daily closing FX rates are mid-market consensus prices — triangularly consistent by construction (no exploitable arb at EOD),2.220446049250313e-14
2024-06-07,0.9179,0.78166,155.697006,1.36682,False,0.0,,0,1.0,0.0,,False,0.0,,0,1.0,0.0,,4.417058142149981,0.0,1.0000000000000002,EUR->GBP->CAD->EUR,2.220446049250313e-14,1.0000000000000002,EUR->USD->GBP->CAD->EUR,2.220446049250313e-14,Yahoo Finance daily closing rates,"Directed, 5-node, fully connected (20 edges/day)",0.02,0.1,Daily closing FX rates are mid-market consensus prices — triangularly consistent by construction (no exploitable arb at EOD),2.220446049250313e-14
2024-06-10,0.92774,0.78558,156.832993,1.3759,False,0.0,,0,1.0,0.0,,False,0.0,,0,1.0,0.0,,9.34177478715835,0.0,1.0000000000000002,GBP->JPY->CAD->GBP,2.220446049250313e-14,1.0000000000000002,USD->CAD->GBP->EUR->USD,2.220446049250313e-14,Yahoo Finance daily closing rates,"Directed, 5-node, fully connected (20 edges/day)",0.02,0.1,Daily closing FX rates are mid-market consensus prices — triangularly consistent by construction (no exploitable arb at EOD),2.220446049250313e-14
2024-06-11,0.929,0.78577,157.039993,1.37612,False,0.0,,0,1.0,0.0,EUR -> GBP -> EUR,False,0.0,,0,1.0,0.0,EUR -> GBP -> EUR,7.527239740242441,0.0,1.0000000000000002,USD->GBP->EUR->USD,2.220446049250313e-14,1.0000000000000002,USD->GBP->EUR->CAD->USD,2.220446049250313e-14,Yahoo Finance daily closing rates,"Directed, 5-node, fully connected (20 edges/day)",0.02,0.1,Daily closing FX rates are mid-market consensus prices — triangularly consistent by construction (no exploitable arb at EOD),2.220446049250313e-14
2024-06-12,0.93107,0.7849,157.104996,1.37549,False,0.0,,0,1.0,0.0,,False,0.0,,0,1.0,0.0,,7.530616148125214,0.0,1.0000000000000002,EUR->GBP->USD->EUR,2.220446049250313e-14,1.0000000000000002,EUR->GBP->USD->JPY->EUR,2.220446049250313e-14,Yahoo Finance daily closing rates,"Directed, 5-node, fully connected (20 edges/day)",0.02,0.1,Daily closing FX rates are mid-market consensus prices — triangularly consistent by construction (no exploitable arb at EOD),2.220446049250313e-14
2024-06-13,0.9248,0.78148,156.800003,1.37219,False,0.0,,0,1.0,0.0,,False,0.0,,0,1.0,0.0,,10.136376517111753,0.0,1.0000000000000002,EUR->JPY->USD->EUR,2.220446049250313e-14,1.0000000000000002,EUR->GBP->JPY->USD->EUR,2.220446049250313e-14,Yahoo Finance daily closing rates,"Directed, 5-node, fully connected (20 edges/day)",0.02,0.1,Daily closing FX rates are mid-market consensus prices — triangularly consistent by construction (no exploitable arb at EOD),2.220446049250313e-14
2024-06-14,0.9312,0.784,157.128006,1.3741,False,0.0,,0,1.0,0.0,CAD -> USD -> GBP -> CAD,False,0.0,,0,1.0,0.0,CAD -> USD -> GBP -> CAD,10.419503112830885,0.0,1.0000000000000002,GBP->JPY->USD->GBP,2.220446049250313e-14,1.0000000000000002,EUR->CAD->JPY->USD->EUR,2.220446049250313e-14,Yahoo Finance daily closing rates,"Directed, 5-node, fully connected (20 edges/day)",0.02,0.1,Daily closing FX rates are mid-market consensus prices — triangularly consistent by construction (no exploitable arb at EOD),2.220446049250313e-14
2024-06-17,0.93439,0.78845,157.546005,1.3733,False,0.0,,0,1.0,0.0,EUR -> USD -> JPY -> CAD -> EUR,False,0.0,,0,1.0,0.0,EUR -> USD -> JPY -> CAD -> EUR,7.996867886356504,0.0,1.0000000000000002,EUR->USD->JPY->EUR,2.220446049250313e-14,1.0000000000000002,EUR->USD->GBP->JPY->EUR,2.220446049250313e-14,Yahoo Finance daily closing rates,"Directed, 5-node, fully connected (20 edges/day)",0.02,0.1,Daily closing FX rates are mid-market consensus prices — triangularly consistent by construction (no exploitable arb at EOD),2.220446049250313e-14
2024-06-18,0.93104,0.786411,157.699997,1.37133,False,0.0,,0,1.0,0.0,,False,0.0,,0,1.0,0.0,,8.76002003764869,0.0,1.0000000000000002,EUR->USD->JPY->EUR,2.220446049250313e-14,1.0000000000000002,EUR->USD->GBP->JPY->EUR,2.220446049250313e-14,Yahoo Finance daily closing rates,"Directed, 5-node, fully connected (20 edges/day)",0.02,0.1,Daily closing FX rates are mid-market consensus prices — triangularly consistent by construction (no exploitable arb at EOD),2.220446049250313e-14
2024-06-19,0.9309,0.78694,157.871002,1.37162,False,0.0,,0,1.0,0.0,,False,0.0,,0,1.0,0.0,,8.615875869373966,0.0,1.0000000000000002,EUR->GBP->CAD->EUR,2.220446049250313e-14,1.0000000000000002,EUR->USD->GBP->CAD->EUR,2.220446049250313e-14,Yahoo Finance daily closing rates,"Directed, 5-node, fully connected (20 edges/day)",0.02,0.1,Daily closing FX rates are mid-market consensus prices — triangularly consistent by construction (no exploitable arb at EOD),2.220446049250313e-14
2024-06-20,0.9301,0.78604,157.957993,1.37058,False,0.0,,0,1.0,0.0,,False,0.0,,0,1.0,0.0,,6.467210229884357,0.0,1.0000000000000002,EUR->GBP->USD->EUR,2.220446049250313e-14,1.0000000000000002,EUR->USD->GBP->JPY->EUR,2.220446049250313e-14,Yahoo Finance daily closing rates,"Directed, 5-node, fully connected (20 edges/day)",0.02,0.1,Daily closing FX rates are mid-market consensus prices — triangularly consistent by construction (no exploitable arb at EOD),2.220446049250313e-14
2024-06-21,0.93402,0.78986,158.931,1.36847,False,0.0,,0,1.0,0.0,GBP -> USD -> CAD -> GBP,False,0.0,,0,1.0,0.0,GBP -> USD -> CAD -> GBP,5.095740159363447,0.0,1.0000000000000002,EUR->GBP->USD->EUR,2.220446049250313e-14,1.0000000000000002,EUR->GBP->USD->JPY->EUR,2.220446049250313e-14,Yahoo Finance daily closing rates,"Directed, 5-node, fully connected (20 edges/day)",0.02,0.1,Daily closing FX rates are mid-market consensus prices — triangularly consistent by construction (no exploitable arb at EOD),2.220446049250313e-14
2024-06-24,0.93565,0.7912,159.860992,1.37013,False,0.0,,0,1.0,0.0,,False,0.0,,0,1.0,0.0,,4.630025211017253,0.0,1.0000000000000002,EUR->JPY->GBP->EUR,2.220446049250313e-14,1.0000000000000002,EUR->USD->JPY->GBP->EUR,2.220446049250313e-14,Yahoo Finance daily closing rates,"Directed, 5-node, fully connected (20 edges/day)",0.02,0.1,Daily closing FX rates are mid-market consensus prices — triangularly consistent by construction (no exploitable arb at EOD),2.220446049250313e-14
2024-06-25,0.93173,0.78843,159.686005,1.36579,False,0.0,,0,1.0,0.0,,False,0.0,,0,1.0,0.0,,4.957265092437625,0.0,1.0000000000000002,CAD->USD->JPY->CAD,2.220446049250313e-14,1.0000000000000002,GBP->USD->EUR->JPY->GBP,2.220446049250313e-14,Yahoo Finance daily closing rates,"Directed, 5-node, fully connected (20 edges/day)",0.02,0.1,Daily closing FX rates are mid-market consensus prices — triangularly consistent by construction (no exploitable arb at EOD),2.220446049250313e-14
2024-06-26,0.93374,0.788395,159.686005,1.36611,False,0.0,,0,1.0,0.0,,False,0.0,,0,1.0,0.0,,5.136713203906531,0.0,1.0000000000000002,USD->CAD->EUR->USD,2.220446049250313e-14,1.0000000000000002,USD->GBP->CAD->EUR->USD,2.220446049250313e-14,Yahoo Finance daily closing rates,"Directed, 5-node, fully connected (20 edges/day)",0.02,0.1,Daily closing FX rates are mid-market consensus prices — triangularly consistent by construction (no exploitable arb at EOD),2.220446049250313e-14
2024-06-27,0.93632,0.79228,160.621002,1.37045,False,0.0,,0,1.0,0.0,,False,0.0,,0,1.0,0.0,,5.127216246908667,0.0,1.0,USD->EUR->GBP->USD,0.0,1.0000000000000002,GBP->USD->JPY->CAD->GBP,2.220446049250313e-14,Yahoo Finance daily closing rates,"Directed, 5-node, fully connected (20 edges/day)",0.02,0.1,Daily closing FX rates are mid-market consensus prices — triangularly consistent by construction (no exploitable arb at EOD),0.0
2024-06-28,0.93384,0.79078,160.686996,1.36993,False,0.0,,0,1.0,0.0,GBP -> CAD -> GBP,False,0.0,,0,1.0,0.0,GBP -> CAD -> GBP,5.016874498124275,0.0,1.0000000000000002,USD->CAD->GBP->USD,2.220446049250313e-14,1.0000000000000002,USD->EUR->CAD->GBP->USD,2.220446049250313e-14,Yahoo Finance daily closing rates,"Directed, 5-node, fully connected (20 edges/day)",0.02,0.1,Daily closing FX rates are mid-market consensus prices — triangularly consistent by construction (no exploitable arb at EOD),2.220446049250313e-14
2024-07-01,0.93151,0.7906,160.906998,1.36727,False,0.0,,0,1.0,0.0,CAD -> USD -> EUR -> CAD,False,0.0,,0,1.0,0.0,CAD -> USD -> EUR -> CAD,4.971152509354961,0.0,1.0000000000000002,USD->CAD->GBP->USD,2.220446049250313e-14,1.0000000000000002,USD->EUR->CAD->GBP->USD,2.220446049250313e-14,Yahoo Finance daily closing rates,"Directed, 5-node, fully connected (20 edges/day)",0.02,0.1,Daily closing FX rates are mid-market consensus prices — triangularly consistent by construction (no exploitable arb at EOD),2.220446049250313e-14
2024-07-02,0.93135,0.79078,161.511993,1.37378,False,0.0,,0,1.0,0.0,,False,0.0,,0,1.0,0.0,,4.010368500397455,0.0,1.0000000000000002,EUR->GBP->USD->EUR,2.220446049250313e-14,1.0000000000000002,EUR->GBP->USD->JPY->EUR,2.220446049250313e-14,Yahoo Finance daily closing rates,"Directed, 5-node, fully connected (20 edges/day)",0.02,0.1,Daily closing FX rates are mid-market consensus prices — triangularly consistent by construction (no exploitable arb at EOD),2.220446049250313e-14
2024-07-03,0.93037,0.788,161.503998,1.36768,False,0.0,,0,1.0,0.0,,False,0.0,,0,1.0,0.0,,3.497066803138539,0.0,1.0000000000000002,EUR->CAD->USD->EUR,2.220446049250313e-14,1.0000000000000002,USD->GBP->EUR->JPY->USD,2.220446049250313e-14,Yahoo Finance daily closing rates,"Directed, 5-node, fully connected (20 edges/day)",0.02,0.1,Daily closing FX rates are mid-market consensus prices — triangularly consistent by construction (no exploitable arb at EOD),2.220446049250313e-14
2024-07-04,0.9265,0.78445,161.621002,1.36333,False,0.0,,0,1.0,0.0,GBP -> USD -> CAD -> GBP,False,0.0,,0,1.0,0.0,GBP -> USD -> CAD -> GBP,2.453585001254581,0.0,1.0000000000000002,EUR->GBP->USD->EUR,2.220446049250313e-14,1.0000000000000002,EUR->USD->CAD->JPY->EUR,2.220446049250313e-14,Yahoo Finance daily closing rates,"Directed, 5-node, fully connected (20 edges/day)",0.02,0.1,Daily closing FX rates are mid-market consensus prices — triangularly consistent by construction (no exploitable arb at EOD),2.220446049250313e-14
2024-07-05,0.92501,0.78396,161.358002,1.36152,False,0.0,,0,1.0,0.0,GBP -> EUR -> CAD -> GBP,False,0.0,,0,1.0,0.0,GBP -> EUR -> CAD -> GBP,2.4194921801541582,0.0,1.0000000000000002,USD->GBP->EUR->USD,2.220446049250313e-14,1.0000000000000002,USD->GBP->EUR->CAD->USD,2.220446049250313e-14,Yahoo Finance daily closing rates,"Directed, 5-node, fully connected (20 edges/day)",0.02,0.1,Daily closing FX rates are mid-market consensus prices — triangularly consistent by construction (no exploitable arb at EOD),2.220446049250313e-14
2024-07-08,0.9237,0.780853,160.638,1.3638,False,0.0,,0,1.0,0.0,,False,0.0,,0,1.0,0.0,,2.3723984780727845,0.0,1.0000000000000002,USD->GBP->EUR->USD,2.220446049250313e-14,1.0000000000000002,USD->GBP->EUR->JPY->USD,2.220446049250313e-14,Yahoo Finance daily closing rates,"Directed, 5-node, fully connected (20 edges/day)",0.02,0.1,Daily closing FX rates are mid-market consensus prices — triangularly consistent by construction (no exploitable arb at EOD),2.220446049250313e-14
2024-07-09,0.92328,0.7803,160.856995,1.36295,False,0.0,,0,1.0,0.0,,False,0.0,,0,1.0,0.0,,2.2648207188476253,0.0,1.0000000000000002,EUR->GBP->CAD->EUR,2.220446049250313e-14,1.0000000000000002,EUR->GBP->JPY->USD->EUR,2.220446049250313e-14,Yahoo Finance daily closing rates,"Directed, 5-node, fully connected (20 edges/day)",0.02,0.1,Daily closing FX rates are mid-market consensus prices — triangularly consistent by construction (no exploitable arb at EOD),2.220446049250313e-14
2024-07-10,0.92466,0.782,161.330994,1.363,False,0.0,,0,1.0,0.0,GBP -> EUR -> CAD -> GBP,False,0.0,,0,1.0,0.0,GBP -> EUR -> CAD -> GBP,3.256346816862346,0.0,1.0000000000000002,EUR->USD->CAD->EUR,2.220446049250313e-14,1.0000000000000002,USD->CAD->GBP->EUR->USD,2.220446049250313e-14,Yahoo Finance daily closing rates,"Directed, 5-node, fully connected (20 edges/day)",0.02,0.1,Daily closing FX rates are mid-market consensus prices — triangularly consistent by construction (no exploitable arb at EOD),2.220446049250313e-14
2024-07-11,0.92308,0.77805,161.606995,1.36172,False,0.0,,0,1.0,0.0,,False,0.0,,0,1.0,0.0,,2.1336344160795693,0.0,1.0000000000000002,EUR->CAD->GBP->EUR,2.220446049250313e-14,1.0000000000000002,EUR->CAD->GBP->USD->EUR,2.220446049250313e-14,Yahoo Finance daily closing rates,"Directed, 5-node, fully connected (20 edges/day)",0.02,0.1,Daily closing FX rates are mid-market consensus prices — triangularly consistent by construction (no exploitable arb at EOD),2.220446049250313e-14
2024-07-12,0.91973,0.77377,158.201004,1.36244,False,0.0,,0,1.0,0.0,,False,0.0,,0,1.0,0.0,,2.973639369334238,0.0,1.0000000000000002,CAD->JPY->GBP->CAD,2.220446049250313e-14,1.0000000000000002,USD->JPY->GBP->CAD->USD,2.220446049250313e-14,Yahoo Finance daily closing rates,"Directed, 5-node, fully connected (20 edges/day)",0.02,0.1,Daily closing FX rates are mid-market consensus prices — triangularly consistent by construction (no exploitable arb at EOD),2.220446049250313e-14
2024-07-15,0.91865,0.7712,158.313004,1.3646,False,0.0,,0,1.0,0.0,,False,0.0,,0,1.0,0.0,,2.9646221730439333,0.0,1.0000000000000002,EUR->GBP->JPY->EUR,2.220446049250313e-14,1.0000000000000004,CAD->EUR->JPY->GBP->CAD,4.440892098500626e-14,Yahoo Finance daily closing rates,"Directed, 5-node, fully connected (20 edges/day)",0.02,0.1,Daily closing FX rates are mid-market consensus prices — triangularly consistent by construction (no exploitable arb at EOD),2.220446049250313e-14
2024-07-16,0.9173,0.77101,158.141006,1.3676,False,0.0,,0,1.0,0.0,,False,0.0,,0,1.0,0.0,,2.9133852819543575,0.0,1.0,EUR->GBP->CAD->EUR,0.0,1.0,EUR->USD->JPY->CAD->EUR,0.0,Yahoo Finance daily closing rates,"Directed, 5-node, fully connected (20 edges/day)",0.02,0.1,Daily closing FX rates are mid-market consensus prices — triangularly consistent by construction (no exploitable arb at EOD),0.0
2024-07-17,0.91722,0.770553,158.350006,1.36695,False,0.0,,0,1.0,0.0,,False,0.0,,0,1.0,0.0,,2.0454607728736276,0.0,1.0000000000000002,USD->GBP->EUR->USD,2.220446049250313e-14,1.0000000000000002,USD->GBP->EUR->JPY->USD,2.220446049250313e-14,Yahoo Finance daily closing rates,"Directed, 5-node, fully connected (20 edges/day)",0.02,0.1,Daily closing FX rates are mid-market consensus prices — triangularly consistent by construction (no exploitable arb at EOD),2.220446049250313e-14
2024-07-18,0.91406,0.76879,155.686005,1.36787,False,0.0,,0,1.0,0.0,,False,0.0,,0,1.0,0.0,,2.432829011155582,0.0,1.0000000000000002,GBP->JPY->USD->GBP,2.220446049250313e-14,1.0000000000000002,EUR->USD->JPY->CAD->EUR,2.220446049250313e-14,Yahoo Finance daily closing rates,"Directed, 5-node, fully connected (20 edges/day)",0.02,0.1,Daily closing FX rates are mid-market consensus prices — triangularly consistent by construction (no exploitable arb at EOD),2.220446049250313e-14
2024-07-19,0.9173,0.7721,157.149994,1.3702,False,0.0,,0,1.0,0.0,,False,0.0,,0,1.0,0.0,,4.092221724681014,0.0,1.0000000000000002,USD->JPY->CAD->USD,2.220446049250313e-14,1.0000000000000002,USD->EUR->JPY->CAD->USD,2.220446049250313e-14,Yahoo Finance daily closing rates,"Directed, 5-node, fully connected (20 edges/day)",0.02,0.1,Daily closing FX rates are mid-market consensus prices — triangularly consistent by construction (no exploitable arb at EOD),2.220446049250313e-14
2024-07-22,0.9175,0.77321,157.421997,1.3707,False,0.0,,0,1.0,0.0,GBP -> CAD -> GBP,False,0.0,,0,1.0,0.0,GBP -> CAD -> GBP,4.073166616597533,0.0,1.0000000000000002,USD->CAD->GBP->USD,2.220446049250313e-14,1.0000000000000002,USD->EUR->CAD->GBP->USD,2.220446049250313e-14,Yahoo Finance daily closing rates,"Directed, 5-node, fully connected (20 edges/day)",0.02,0.1,Daily closing FX rates are mid-market consensus prices — triangularly consistent by construction (no exploitable arb at EOD),2.220446049250313e-14
2024-07-23,0.91829,0.77325,156.891006,1.37612,False,0.0,,0,1.0,0.0,GBP -> USD -> EUR -> GBP,False,0.0,,0,1.0,0.0,GBP -> USD -> EUR -> GBP,3.968112886750795,0.0,1.0000000000000002,EUR->GBP->USD->EUR,2.220446049250313e-14,1.0000000000000002,EUR->GBP->JPY->USD->EUR,2.220446049250313e-14,Yahoo Finance daily closing rates,"Directed, 5-node, fully connected (20 edges/day)",0.02,0.1,Daily closing FX rates are mid-market consensus prices — triangularly consistent by construction (no exploitable arb at EOD),2.220446049250313e-14
2024-07-24,0.9216,0.7751,155.768005,1.37858,False,0.0,,0,1.0,0.0,,False,0.0,,0,1.0,0.0,,4.602617701187547,0.0,1.0000000000000002,USD->JPY->GBP->USD,2.220446049250313e-14,1.0000000000000002,USD->EUR->JPY->GBP->USD,2.220446049250313e-14,Yahoo Finance daily closing rates,"Directed, 5-node, fully connected (20 edges/day)",0.02,0.1,Daily closing FX rates are mid-market consensus prices — triangularly consistent by construction (no exploitable arb at EOD),2.220446049250313e-14
2024-07-25,0.92255,0.7752,153.891006,1.38103,False,0.0,,0,1.0,0.0,,False,0.0,,0,1.0,0.0,,2.537480030790729,0.0,1.0000000000000002,EUR->JPY->GBP->EUR,2.220446049250313e-14,1.0000000000000002,USD->GBP->EUR->JPY->USD,2.220446049250313e-14,Yahoo Finance daily closing rates,"Directed, 5-node, fully connected (20 edges/day)",0.02,0.1,Daily closing FX rates are mid-market consensus prices — triangularly consistent by construction (no exploitable arb at EOD),2.220446049250313e-14
2024-07-26,0.92155,0.7778,153.697006,1.38193,False,0.0,,0,1.0,0.0,,False,0.0,,0,1.0,0.0,,2.714782442946519,0.0,1.0000000000000002,EUR->GBP->USD->EUR,2.220446049250313e-14,1.0000000000000002,EUR->JPY->GBP->USD->EUR,2.220446049250313e-14,Yahoo Finance daily closing rates,"Directed, 5-node, fully connected (20 edges/day)",0.02,0.1,Daily closing FX rates are mid-market consensus prices — triangularly consistent by construction (no exploitable arb at EOD),2.220446049250313e-14
2024-07-29,0.92134,0.7771,154.139008,1.3828,False,0.0,,0,1.0,0.0,,False,0.0,,0,1.0,0.0,,2.804851796471905,0.0,1.0000000000000002,USD->CAD->GBP->USD,2.220446049250313e-14,1.0000000000000002,USD->EUR->CAD->GBP->USD,2.220446049250313e-14,Yahoo Finance daily closing rates,"Directed, 5-node, fully connected (20 edges/day)",0.02,0.1,Daily closing FX rates are mid-market consensus prices — triangularly consistent by construction (no exploitable arb at EOD),2.220446049250313e-14
2024-07-30,0.92426,0.77758,153.832993,1.38558,False,0.0,,0,1.0,0.0,,False,0.0,,0,1.0,0.0,,3.258120098882618,0.0,1.0000000000000002,EUR->JPY->GBP->EUR,2.220446049250313e-14,1.0000000000000002,EUR->USD->JPY->GBP->EUR,2.220446049250313e-14,Yahoo Finance daily closing rates,"Directed, 5-node, fully connected (20 edges/day)",0.02,0.1,Daily closing FX rates are mid-market consensus prices — triangularly consistent by construction (no exploitable arb at EOD),2.220446049250313e-14
2024-07-31,0.92455,0.779,152.669998,1.38496,False,0.0,,0,1.0,0.0,,False,0.0,,0,1.0,0.0,,2.554524796085734,0.0,1.0,USD->EUR->GBP->USD,0.0,1.0,USD->EUR->GBP->JPY->USD,0.0,Yahoo Finance daily closing rates,"Directed, 5-node, fully connected (20 edges/day)",0.02,0.1,Daily closing FX rates are mid-market consensus prices — triangularly consistent by construction (no exploitable arb at EOD),0.0
2024-08-01,0.92388,0.77802,149.744003,1.38083,False,0.0,,0,1.0,0.0,,False,0.0,,0,1.0,0.0,,2.6857662413423338,0.0,1.0000000000000002,EUR->JPY->USD->EUR,2.220446049250313e-14,1.0000000000000002,EUR->JPY->USD->GBP->EUR,2.220446049250313e-14,Yahoo Finance daily closing rates,"Directed, 5-node, fully connected (20 edges/day)",0.02,0.1,Daily closing FX rates are mid-market consensus prices — triangularly consistent by construction (no exploitable arb at EOD),2.220446049250313e-14
2024-08-02,0.92699,0.78561,149.201004,1.38806,False,0.0,,0,1.0,0.0,,False,0.0,,0,1.0,0.0,,3.079586259964593,0.0,1.0000000000000002,EUR->USD->JPY->EUR,2.220446049250313e-14,1.0000000000000002,EUR->USD->JPY->GBP->EUR,2.220446049250313e-14,Yahoo Finance daily closing rates,"Directed, 5-node, fully connected (20 edges/day)",0.02,0.1,Daily closing FX rates are mid-market consensus prices — triangularly consistent by construction (no exploitable arb at EOD),2.220446049250313e-14
2024-08-05,0.91652,0.78199,145.584,1.38831,False,0.0,,0,1.0,0.0,,False,0.0,,0,1.0,0.0,,9.572605579105623,0.0,1.0000000000000002,EUR->USD->JPY->EUR,2.220446049250313e-14,1.0000000000000002,EUR->USD->GBP->JPY->EUR,2.220446049250313e-14,Yahoo Finance daily closing rates,"Directed, 5-node, fully connected (20 edges/day)",0.02,0.1,Daily closing FX rates are mid-market consensus prices — triangularly consistent by construction (no exploitable arb at EOD),2.220446049250313e-14
2024-08-06,0.91316,0.78194,145.789993,1.38053,False,0.0,,0,1.0,0.0,,False,0.0,,0,1.0,0.0,,8.882447284914441,0.0,1.0000000000000002,EUR->JPY->USD->EUR,2.220446049250313e-14,1.0000000000000002,EUR->JPY->GBP->USD->EUR,2.220446049250313e-14,Yahoo Finance daily closing rates,"Directed, 5-node, fully connected (20 edges/day)",0.02,0.1,Daily closing FX rates are mid-market consensus prices — triangularly consistent by construction (no exploitable arb at EOD),2.220446049250313e-14
2024-08-07,0.91523,0.78835,144.731995,1.37865,False,0.0,,0,1.0,0.0,,False,0.0,,0,1.0,0.0,,9.355504790338012,0.0,1.0000000000000002,GBP->CAD->USD->GBP,2.220446049250313e-14,1.0000000000000002,EUR->USD->CAD->GBP->EUR,2.220446049250313e-14,Yahoo Finance daily closing rates,"Directed, 5-node, fully connected (20 edges/day)",0.02,0.1,Daily closing FX rates are mid-market consensus prices — triangularly consistent by construction (no exploitable arb at EOD),2.220446049250313e-14
2024-08-08,0.91507,0.78862,146.123993,1.37547,False,0.0,,0,1.0,0.0,,False,0.0,,0,1.0,0.0,,9.411696711488409,0.0,1.0000000000000002,JPY->EUR->CAD->JPY,2.220446049250313e-14,1.0000000000000002,JPY->EUR->USD->CAD->JPY,2.220446049250313e-14,Yahoo Finance daily closing rates,"Directed, 5-node, fully connected (20 edges/day)",0.02,0.1,Daily closing FX rates are mid-market consensus prices — triangularly consistent by construction (no exploitable arb at EOD),2.220446049250313e-14
2024-08-09,0.91611,0.78447,147.669006,1.37354,False,0.0,,0,1.0,0.0,,False,0.0,,0,1.0,0.0,,8.733992794842065,0.0,1.0000000000000002,USD->GBP->EUR->USD,2.220446049250313e-14,1.0000000000000002,USD->GBP->EUR->JPY->USD,2.220446049250313e-14,Yahoo Finance daily closing rates,"Directed, 5-node, fully connected (20 edges/day)",0.02,0.1,Daily closing FX rates are mid-market consensus prices — triangularly consistent by construction (no exploitable arb at EOD),2.220446049250313e-14
2024-08-12,0.91627,0.78429,147.042007,1.37359,False,0.0,,0,1.0,0.0,,False,0.0,,0,1.0,0.0,,3.545447770826536,0.0,1.0000000000000002,GBP->JPY->USD->GBP,2.220446049250313e-14,1.0000000000000002,EUR->USD->GBP->JPY->EUR,2.220446049250313e-14,Yahoo Finance daily closing rates,"Directed, 5-node, fully connected (20 edges/day)",0.02,0.1,Daily closing FX rates are mid-market consensus prices — triangularly consistent by construction (no exploitable arb at EOD),2.220446049250313e-14
2024-08-13,0.91439,0.78301,146.981995,1.37423,False,0.0,,0,1.0,0.0,,False,0.0,,0,1.0,0.0,,2.551606210122957,0.0,1.0000000000000002,GBP->USD->JPY->GBP,2.220446049250313e-14,1.0000000000000002,GBP->USD->JPY->EUR->GBP,2.220446049250313e-14,Yahoo Finance daily closing rates,"Directed, 5-node, fully connected (20 edges/day)",0.02,0.1,Daily closing FX rates are mid-market consensus prices — triangularly consistent by construction (no exploitable arb at EOD),2.220446049250313e-14
2024-08-14,0.90934,0.7772,146.970993,1.37091,False,0.0,,0,1.0,0.0,CAD -> USD -> JPY -> CAD,False,0.0,,0,1.0,0.0,CAD -> USD -> JPY -> CAD,4.1927687149524475,0.0,1.0000000000000002,EUR->GBP->JPY->EUR,2.220446049250313e-14,1.0000000000000002,USD->GBP->EUR->CAD->USD,2.220446049250313e-14,Yahoo Finance daily closing rates,"Directed, 5-node, fully connected (20 edges/day)",0.02,0.1,Daily closing FX rates are mid-market consensus prices — triangularly consistent by construction (no exploitable arb at EOD),2.220446049250313e-14
2024-08-15,0.908,0.7795,147.253006,1.37157,False,0.0,,0,1.0,0.0,,False,0.0,,0,1.0,0.0,,4.074600227927058,0.0,1.0000000000000002,USD->JPY->CAD->USD,2.220446049250313e-14,1.0000000000000002,USD->EUR->JPY->CAD->USD,2.220446049250313e-14,Yahoo Finance daily closing rates,"Directed, 5-node, fully connected (20 edges/day)",0.02,0.1,Daily closing FX rates are mid-market consensus prices — triangularly consistent by construction (no exploitable arb at EOD),2.220446049250313e-14
2024-08-16,0.91135,0.77764,149.222,1.37336,False,0.0,,0,1.0,0.0,,False,0.0,,0,1.0,0.0,,5.337980093346679,0.0,1.0000000000000002,USD->GBP->EUR->USD,2.220446049250313e-14,1.0000000000000002,USD->GBP->EUR->JPY->USD,2.220446049250313e-14,Yahoo Finance daily closing rates,"Directed, 5-node, fully connected (20 edges/day)",0.02,0.1,Daily closing FX rates are mid-market consensus prices — triangularly consistent by construction (no exploitable arb at EOD),2.220446049250313e-14
2024-08-19,0.90703,0.77237,147.955994,1.36783,False,0.0,,0,1.0,0.0,GBP -> USD -> CAD -> GBP,False,0.0,,0,1.0,0.0,GBP -> USD -> CAD -> GBP,5.759653541607468,0.0,1.0000000000000002,USD->CAD->GBP->USD,2.220446049250313e-14,1.0000000000000002,USD->EUR->CAD->GBP->USD,2.220446049250313e-14,Yahoo Finance daily closing rates,"Directed, 5-node, fully connected (20 edges/day)",0.02,0.1,Daily closing FX rates are mid-market consensus prices — triangularly consistent by construction (no exploitable arb at EOD),2.220446049250313e-14
2024-08-20,0.902,0.7698,146.699005,1.363,False,0.0,,0,1.0,0.0,JPY -> GBP -> CAD -> JPY,False,0.0,,0,1.0,0.0,JPY -> GBP -> CAD -> JPY,6.284193335226522,0.0,1.0000000000000002,USD->CAD->GBP->USD,2.220446049250313e-14,1.0000000000000002,USD->EUR->CAD->GBP->USD,2.220446049250313e-14,Yahoo Finance daily closing rates,"Directed, 5-node, fully connected (20 edges/day)",0.02,0.1,Daily closing FX rates are mid-market consensus prices — triangularly consistent by construction (no exploitable arb at EOD),2.220446049250313e-14
2024-08-21,0.89864,0.76714,145.347,1.36173,False,0.0,,0,1.0,0.0,,False,0.0,,0,1.0,0.0,,5.894183246343689,0.0,1.0000000000000002,USD->CAD->EUR->USD,2.220446049250313e-14,1.0000000000000002,USD->GBP->CAD->EUR->USD,2.220446049250313e-14,Yahoo Finance daily closing rates,"Directed, 5-node, fully connected (20 edges/day)",0.02,0.1,Daily closing FX rates are mid-market consensus prices — triangularly consistent by construction (no exploitable arb at EOD),2.220446049250313e-14
2024-08-22,0.89643,0.76374,145.117996,1.35833,False,0.0,,0,1.0,0.0,,False,0.0,,0,1.0,0.0,,5.841421745789167,0.0,1.0000000000000002,EUR->JPY->CAD->EUR,2.220446049250313e-14,1.0000000000000002,EUR->USD->JPY->CAD->EUR,2.220446049250313e-14,Yahoo Finance daily closing rates,"Directed, 5-node, fully connected (20 edges/day)",0.02,0.1,Daily closing FX rates are mid-market consensus prices — triangularly consistent by construction (no exploitable arb at EOD),2.220446049250313e-14
2024-08-23,0.89951,0.76349,146.201996,1.36034,False,0.0,,0,1.0,0.0,EUR -> USD -> GBP -> EUR,False,0.0,,0,1.0,0.0,EUR -> USD -> GBP -> EUR,5.67145194129757,0.0,1.0000000000000002,USD->GBP->EUR->USD,2.220446049250313e-14,1.0000000000000004,USD->JPY->GBP->EUR->USD,4.440892098500626e-14,Yahoo Finance daily closing rates,"Directed, 5-node, fully connected (20 edges/day)",0.02,0.1,Daily closing FX rates are mid-market consensus prices — triangularly consistent by construction (no exploitable arb at EOD),2.220446049250313e-14
2024-08-26,0.89382,0.75685,144.0,1.3508,False,0.0,,0,1.0,0.0,CAD -> EUR -> GBP -> CAD,False,0.0,,0,1.0,0.0,CAD -> EUR -> GBP -> CAD,6.143074841393989,0.0,1.0000000000000002,EUR->JPY->GBP->EUR,2.220446049250313e-14,1.0000000000000002,USD->CAD->EUR->GBP->USD,2.220446049250313e-14,Yahoo Finance daily closing rates,"Directed, 5-node, fully connected (20 edges/day)",0.02,0.1,Daily closing FX rates are mid-market consensus prices — triangularly consistent by construction (no exploitable arb at EOD),2.220446049250313e-14
2024-08-27,0.89568,0.75805,144.516006,1.34821,False,0.0,,0,1.0,0.0,USD -> CAD -> GBP -> EUR -> USD,False,0.0,,0,1.0,0.0,USD -> CAD -> GBP -> EUR -> USD,6.47057199079078,0.0,1.0000000000000002,USD->JPY->GBP->USD,2.220446049250313e-14,1.0000000000000002,USD->EUR->JPY->GBP->USD,2.220446049250313e-14,Yahoo Finance daily closing rates,"Directed, 5-node, fully connected (20 edges/day)",0.02,0.1,Daily closing FX rates are mid-market consensus prices — triangularly consistent by construction (no exploitable arb at EOD),2.220446049250313e-14
2024-08-28,0.89462,0.75429,143.975006,1.34477,False,0.0,,0,1.0,0.0,,False,0.0,,0,1.0,0.0,,6.137891290561442,0.0,1.0,USD->EUR->JPY->USD,0.0,1.0,USD->EUR->GBP->JPY->USD,0.0,Yahoo Finance daily closing rates,"Directed, 5-node, fully connected (20 edges/day)",0.02,0.1,Daily closing FX rates are mid-market consensus prices — triangularly consistent by construction (no exploitable arb at EOD),0.0
2024-08-29,0.89888,0.75794,144.432999,1.3477,False,0.0,,0,1.0,0.0,,False,0.0,,0,1.0,0.0,,7.047381618418118,0.0,1.0000000000000002,USD->GBP->EUR->USD,2.220446049250313e-14,1.0000000000000002,USD->GBP->EUR->CAD->USD,2.220446049250313e-14,Yahoo Finance daily closing rates,"Directed, 5-node, fully connected (20 edges/day)",0.02,0.1,Daily closing FX rates are mid-market consensus prices — triangularly consistent by construction (no exploitable arb at EOD),2.220446049250313e-14
2024-08-30,0.90249,0.75952,144.889999,1.34891,False,0.0,,0,1.0,0.0,EUR -> GBP -> EUR,False,0.0,,0,1.0,0.0,EUR -> GBP -> EUR,7.206582588170336,0.0,1.0000000000000002,USD->GBP->EUR->USD,2.220446049250313e-14,1.0000000000000002,USD->EUR->CAD->GBP->USD,2.220446049250313e-14,Yahoo Finance daily closing rates,"Directed, 5-node, fully connected (20 edges/day)",0.02,0.1,Daily closing FX rates are mid-market consensus prices — triangularly consistent by construction (no exploitable arb at EOD),2.220446049250313e-14
2024-09-02,0.9054,0.7617,146.380997,1.3489,False,0.0,,0,1.0,0.0,,False,0.0,,0,1.0,0.0,,3.687107572185117,0.0,1.0000000000000002,JPY->EUR->GBP->JPY,2.220446049250313e-14,1.0000000000000002,JPY->EUR->USD->GBP->JPY,2.220446049250313e-14,Yahoo Finance daily closing rates,"Directed, 5-node, fully connected (20 edges/day)",0.02,0.1,Daily closing FX rates are mid-market consensus prices — triangularly consistent by construction (no exploitable arb at EOD),2.220446049250313e-14
2024-09-03,0.90355,0.76092,146.722,1.34973,False,0.0,,0,1.0,0.0,,False,0.0,,0,1.0,0.0,,4.974240445239906,0.0,1.0000000000000002,EUR->USD->JPY->EUR,2.220446049250313e-14,1.0000000000000002,EUR->USD->JPY->CAD->EUR,2.220446049250313e-14,Yahoo Finance daily closing rates,"Directed, 5-node, fully connected (20 edges/day)",0.02,0.1,Daily closing FX rates are mid-market consensus prices — triangularly consistent by construction (no exploitable arb at EOD),2.220446049250313e-14
2024-09-04,0.90507,0.76254,145.352997,1.35434,False,0.0,,0,1.0,0.0,,False,0.0,,0,1.0,0.0,,4.27659462685728,0.0,1.0,USD->EUR->JPY->USD,0.0,1.0000000000000002,GBP->CAD->USD->JPY->GBP,2.220446049250313e-14,Yahoo Finance daily closing rates,"Directed, 5-node, fully connected (20 edges/day)",0.02,0.1,Daily closing FX rates are mid-market consensus prices — triangularly consistent by construction (no exploitable arb at EOD),0.0
2024-09-05,0.90249,0.76076,143.324005,1.35081,False,0.0,,0,1.0,0.0,JPY -> EUR -> GBP -> JPY,False,0.0,,0,1.0,0.0,JPY -> EUR -> GBP -> JPY,4.916813552685377,0.0,1.0000000000000002,USD->GBP->EUR->USD,2.220446049250313e-14,1.0000000000000002,USD->GBP->EUR->CAD->USD,2.220446049250313e-14,Yahoo Finance daily closing rates,"Directed, 5-node, fully connected (20 edges/day)",0.02,0.1,Daily closing FX rates are mid-market consensus prices — triangularly consistent by construction (no exploitable arb at EOD),2.220446049250313e-14
2024-09-06,0.9,0.75887,143.393005,1.35001,False,0.0,,0,1.0,0.0,GBP -> USD -> EUR -> GBP,False,0.0,,0,1.0,0.0,GBP -> USD -> EUR -> GBP,4.463820635700662,0.0,1.0000000000000002,EUR->GBP->USD->EUR,2.220446049250313e-14,1.0000000000000002,EUR->GBP->USD->JPY->EUR,2.220446049250313e-14,Yahoo Finance daily closing rates,"Directed, 5-node, fully connected (20 edges/day)",0.02,0.1,Daily closing FX rates are mid-market consensus prices — triangularly consistent by construction (no exploitable arb at EOD),2.220446049250313e-14
2024-09-09,0.90194,0.76142,142.485992,1.35621,False,0.0,,0,1.0,0.0,,False,0.0,,0,1.0,0.0,,3.928400844070487,0.0,1.0000000000000002,EUR->USD->JPY->EUR,2.220446049250313e-14,1.0000000000000002,EUR->USD->GBP->JPY->EUR,2.220446049250313e-14,Yahoo Finance daily closing rates,"Directed, 5-node, fully connected (20 edges/day)",0.02,0.1,Daily closing FX rates are mid-market consensus prices — triangularly consistent by construction (no exploitable arb at EOD),2.220446049250313e-14
2024-09-10,0.906,0.76503,143.177002,1.3564,False,0.0,,0,1.0,0.0,,False,0.0,,0,1.0,0.0,,5.140835064965527,0.0,1.0000000000000002,EUR->USD->JPY->EUR,2.220446049250313e-14,1.0000000000000002,EUR->GBP->USD->JPY->EUR,2.220446049250313e-14,Yahoo Finance daily closing rates,"Directed, 5-node, fully connected (20 edges/day)",0.02,0.1,Daily closing FX rates are mid-market consensus prices — triangularly consistent by construction (no exploitable arb at EOD),2.220446049250313e-14
2024-09-11,0.90736,0.76451,142.233994,1.36096,False,0.0,,0,1.0,0.0,,False,0.0,,0,1.0,0.0,,5.117132833010621,0.0,1.0000000000000002,EUR->CAD->GBP->EUR,2.220446049250313e-14,1.0000000000000002,EUR->USD->CAD->GBP->EUR,2.220446049250313e-14,Yahoo Finance daily closing rates,"Directed, 5-node, fully connected (20 edges/day)",0.02,0.1,Daily closing FX rates are mid-market consensus prices — triangularly consistent by construction (no exploitable arb at EOD),2.220446049250313e-14
2024-09-12,0.90819,0.7669,142.589996,1.35784,False,0.0,,0,1.0,0.0,EUR -> USD -> JPY -> CAD -> EUR,False,0.0,,0,1.0,0.0,EUR -> USD -> JPY -> CAD -> EUR,4.169860930853158,0.0,1.0000000000000002,USD->CAD->EUR->USD,2.220446049250313e-14,1.0000000000000004,CAD->EUR->JPY->GBP->CAD,4.440892098500626e-14,Yahoo Finance daily closing rates,"Directed, 5-node, fully connected (20 edges/day)",0.02,0.1,Daily closing FX rates are mid-market consensus prices — triangularly consistent by construction (no exploitable arb at EOD),2.220446049250313e-14
2024-09-13,0.9027,0.76148,141.498993,1.35758,False,0.0,,0,1.0,0.0,,False,0.0,,0,1.0,0.0,,6.293176690529907,0.0,1.0000000000000002,GBP->JPY->EUR->GBP,2.220446049250313e-14,1.0000000000000002,GBP->USD->JPY->EUR->GBP,2.220446049250313e-14,Yahoo Finance daily closing rates,"Directed, 5-node, fully connected (20 edges/day)",0.02,0.1,Daily closing FX rates are mid-market consensus prices — triangularly consistent by construction (no exploitable arb at EOD),2.220446049250313e-14
2024-09-16,0.90184,0.761151,140.789993,1.35777,False,0.0,,0,1.0,0.0,,False,0.0,,0,1.0,0.0,,6.195525625790166,0.0,1.0000000000000002,EUR->JPY->USD->EUR,2.220446049250313e-14,1.0000000000000002,EUR->USD->JPY->GBP->EUR,2.220446049250313e-14,Yahoo Finance daily closing rates,"Directed, 5-node, fully connected (20 edges/day)",0.02,0.1,Daily closing FX rates are mid-market consensus prices — triangularly consistent by construction (no exploitable arb at EOD),2.220446049250313e-14
2024-09-17,0.89851,0.75696,140.789993,1.35863,False,0.0,,0,1.0,0.0,,False,0.0,,0,1.0,0.0,,5.061223123365677,0.0,1.0,USD->EUR->GBP->USD,0.0,1.0000000000000002,GBP->CAD->JPY->USD->GBP,2.220446049250313e-14,Yahoo Finance daily closing rates,"Directed, 5-node, fully connected (20 edges/day)",0.02,0.1,Daily closing FX rates are mid-market consensus prices — triangularly consistent by construction (no exploitable arb at EOD),0.0
2024-09-18,0.89903,0.75945,142.014999,1.35921,False,0.0,,0,1.0,0.0,,False,0.0,,0,1.0,0.0,,4.730208493492165,0.0,1.0000000000000002,EUR->JPY->USD->EUR,2.220446049250313e-14,1.0000000000000002,USD->CAD->EUR->JPY->USD,2.220446049250313e-14,Yahoo Finance daily closing rates,"Directed, 5-node, fully connected (20 edges/day)",0.02,0.1,Daily closing FX rates are mid-market consensus prices — triangularly consistent by construction (no exploitable arb at EOD),2.220446049250313e-14
2024-09-19,0.8997,0.75751,142.710007,1.36107,False,0.0,,0,1.0,0.0,,False,0.0,,0,1.0,0.0,,4.669113264240178,0.0,1.0000000000000002,USD->JPY->EUR->USD,2.220446049250313e-14,1.0000000000000002,USD->GBP->JPY->EUR->USD,2.220446049250313e-14,Yahoo Finance daily closing rates,"Directed, 5-node, fully connected (20 edges/day)",0.02,0.1,Daily closing FX rates are mid-market consensus prices — triangularly consistent by construction (no exploitable arb at EOD),2.220446049250313e-14
2024-09-20,0.8959,0.75291,142.858002,1.35627,False,0.0,,0,1.0,0.0,,False,0.0,,0,1.0,0.0,,3.719723109989675,0.0,1.0000000000000002,USD->CAD->GBP->USD,2.220446049250313e-14,1.0000000000000002,USD->EUR->CAD->GBP->USD,2.220446049250313e-14,Yahoo Finance daily closing rates,"Directed, 5-node, fully connected (20 edges/day)",0.02,0.1,Daily closing FX rates are mid-market consensus prices — triangularly consistent by construction (no exploitable arb at EOD),2.220446049250313e-14
2024-09-23,0.89599,0.75109,144.003998,1.35642,False,0.0,,0,1.0,0.0,,False,0.0,,0,1.0,0.0,,3.890771975487787,0.0,1.0000000000000002,GBP->CAD->JPY->GBP,2.220446049250313e-14,1.0000000000000002,GBP->CAD->JPY->EUR->GBP,2.220446049250313e-14,Yahoo Finance daily closing rates,"Directed, 5-node, fully connected (20 edges/day)",0.02,0.1,Daily closing FX rates are mid-market consensus prices — triangularly consistent by construction (no exploitable arb at EOD),2.220446049250313e-14
2024-09-24,0.89995,0.74907,143.638,1.35295,False,0.0,,0,1.0,0.0,,False,0.0,,0,1.0,0.0,,4.876686498562856,0.0,1.0,USD->EUR->JPY->USD,0.0,1.0000000000000002,GBP->CAD->USD->JPY->GBP,2.220446049250313e-14,Yahoo Finance daily closing rates,"Directed, 5-node, fully connected (20 edges/day)",0.02,0.1,Daily closing FX rates are mid-market consensus prices — triangularly consistent by construction (no exploitable arb at EOD),0.0
2024-09-25,0.89356,0.74475,142.962997,1.3421,False,0.0,,0,1.0,0.0,,False,0.0,,0,1.0,0.0,,7.154730919055079,0.0,1.0000000000000002,USD->CAD->EUR->USD,2.220446049250313e-14,1.0000000000000002,USD->GBP->CAD->EUR->USD,2.220446049250313e-14,Yahoo Finance daily closing rates,"Directed, 5-node, fully connected (20 edges/day)",0.02,0.1,Daily closing FX rates are mid-market consensus prices — triangularly consistent by construction (no exploitable arb at EOD),2.220446049250313e-14
2024-09-26,0.89839,0.750988,144.682999,1.34822,False,0.0,,0,1.0,0.0,,False,0.0,,0,1.0,0.0,,8.57753745704248,0.0,1.0,USD->EUR->GBP->USD,0.0,1.0000000000000002,JPY->GBP->USD->EUR->JPY,2.220446049250313e-14,Yahoo Finance daily closing rates,"Directed, 5-node, fully connected (20 edges/day)",0.02,0.1,Daily closing FX rates are mid-market consensus prices — triangularly consistent by construction (no exploitable arb at EOD),0.0
2024-09-27,0.89468,0.7455,145.076004,1.34757,False,0.0,,0,1.0,0.0,,False,0.0,,0,1.0,0.0,,8.550426387044348,0.0,1.0000000000000002,EUR->USD->CAD->EUR,2.220446049250313e-14,1.0000000000000002,EUR->USD->GBP->JPY->EUR,2.220446049250313e-14,Yahoo Finance daily closing rates,"Directed, 5-node, fully connected (20 edges/day)",0.02,0.1,Daily closing FX rates are mid-market consensus prices — triangularly consistent by construction (no exploitable arb at EOD),2.220446049250313e-14
2024-09-30,0.89527,0.7472,142.783005,1.35088,False,0.0,,0,1.0,0.0,,False,0.0,,0,1.0,0.0,,8.574950153315317,0.0,1.0000000000000002,USD->JPY->EUR->USD,2.220446049250313e-14,1.0000000000000002,USD->EUR->CAD->GBP->USD,2.220446049250313e-14,Yahoo Finance daily closing rates,"Directed, 5-node, fully connected (20 edges/day)",0.02,0.1,Daily closing FX rates are mid-market consensus prices — triangularly consistent by construction (no exploitable arb at EOD),2.220446049250313e-14
2024-10-01,0.89794,0.7476,143.710007,1.35272,False,0.0,,0,1.0,0.0,EUR -> GBP -> JPY -> CAD -> EUR,False,0.0,,0,1.0,0.0,EUR -> GBP -> JPY -> CAD -> EUR,8.143463192015167,0.0,1.0000000000000002,USD->JPY->CAD->USD,2.220446049250313e-14,1.0000000000000002,USD->EUR->JPY->CAD->USD,2.220446049250313e-14,Yahoo Finance daily closing rates,"Directed, 5-node, fully connected (20 edges/day)",0.02,0.1,Daily closing FX rates are mid-market consensus prices — triangularly consistent by construction (no exploitable arb at EOD),2.220446049250313e-14
2024-10-02,0.90384,0.75335,143.735992,1.34946,False,0.0,,0,1.0,0.0,,False,0.0,,0,1.0,0.0,,6.74473544072957,0.0,1.0000000000000002,EUR->GBP->JPY->EUR,2.220446049250313e-14,1.0000000000000002,EUR->USD->GBP->JPY->EUR,2.220446049250313e-14,Yahoo Finance daily closing rates,"Directed, 5-node, fully connected (20 edges/day)",0.02,0.1,Daily closing FX rates are mid-market consensus prices — triangularly consistent by construction (no exploitable arb at EOD),2.220446049250313e-14
2024-10-03,0.9051,0.7538,146.582001,1.35049,False,0.0,,0,1.0,0.0,,False,0.0,,0,1.0,0.0,,6.157595739859408,0.0,1.0000000000000002,USD->GBP->EUR->USD,2.220446049250313e-14,1.0000000000000002,USD->GBP->EUR->JPY->USD,2.220446049250313e-14,Yahoo Finance daily closing rates,"Directed, 5-node, fully connected (20 edges/day)",0.02,0.1,Daily closing FX rates are mid-market consensus prices — triangularly consistent by construction (no exploitable arb at EOD),2.220446049250313e-14
2024-10-04,0.90616,0.7616,146.839996,1.35482,False,0.0,,0,1.0,0.0,,False,0.0,,0,1.0,0.0,,3.805953571877094,0.0,1.0,USD->EUR->GBP->USD,0.0,1.0000000000000002,CAD->JPY->USD->GBP->CAD,2.220446049250313e-14,Yahoo Finance daily closing rates,"Directed, 5-node, fully connected (20 edges/day)",0.02,0.1,Daily closing FX rates are mid-market consensus prices — triangularly consistent by construction (no exploitable arb at EOD),0.0
2024-10-07,0.9112,0.76189,148.820007,1.35792,False,0.0,,0,1.0,0.0,,False,0.0,,0,1.0,0.0,,3.857536981262182,0.0,1.0000000000000002,USD->JPY->GBP->USD,2.220446049250313e-14,1.0000000000000004,USD->JPY->GBP->EUR->USD,4.440892098500626e-14,Yahoo Finance daily closing rates,"Directed, 5-node, fully connected (20 edges/day)",0.02,0.1,Daily closing FX rates are mid-market consensus prices — triangularly consistent by construction (no exploitable arb at EOD),2.220446049250313e-14
2024-10-08,0.9111,0.76425,148.145996,1.3618,False,0.0,,0,1.0,0.0,,False,0.0,,0,1.0,0.0,,4.671548767408563,0.0,1.0000000000000002,GBP->CAD->USD->GBP,2.220446049250313e-14,1.0000000000000002,USD->JPY->GBP->CAD->USD,2.220446049250313e-14,Yahoo Finance daily closing rates,"Directed, 5-node, fully connected (20 edges/day)",0.02,0.1,Daily closing FX rates are mid-market consensus prices — triangularly consistent by construction (no exploitable arb at EOD),2.220446049250313e-14
2024-10-09,0.9111,0.76366,148.158997,1.3652,False,0.0,,0,1.0,0.0,,False,0.0,,0,1.0,0.0,,3.6619571241351903,0.0,1.0,USD->EUR->JPY->USD,0.0,1.0000000000000002,JPY->USD->EUR->CAD->JPY,2.220446049250313e-14,Yahoo Finance daily closing rates,"Directed, 5-node, fully connected (20 edges/day)",0.02,0.1,Daily closing FX rates are mid-market consensus prices — triangularly consistent by construction (no exploitable arb at EOD),0.0
2024-10-10,0.9138,0.76521,149.160004,1.37093,False,0.0,,0,1.0,0.0,CAD -> EUR -> GBP -> CAD,False,0.0,,0,1.0,0.0,CAD -> EUR -> GBP -> CAD,3.773260589655207,0.0,1.0000000000000002,USD->CAD->EUR->USD,2.220446049250313e-14,1.0000000000000002,USD->GBP->CAD->EUR->USD,2.220446049250313e-14,Yahoo Finance daily closing rates,"Directed, 5-node, fully connected (20 edges/day)",0.02,0.1,Daily closing FX rates are mid-market consensus prices — triangularly consistent by construction (no exploitable arb at EOD),2.220446049250313e-14
2024-10-11,0.91459,0.76557,148.703995,1.37457,False,0.0,,0,1.0,0.0,,False,0.0,,0,1.0,0.0,,3.817258976572928,0.0,1.0000000000000002,USD->CAD->GBP->USD,2.220446049250313e-14,1.0000000000000002,USD->EUR->CAD->GBP->USD,2.220446049250313e-14,Yahoo Finance daily closing rates,"Directed, 5-node, fully connected (20 edges/day)",0.02,0.1,Daily closing FX rates are mid-market consensus prices — triangularly consistent by construction (no exploitable arb at EOD),2.220446049250313e-14
2024-10-14,0.9153,0.76634,149.334,1.37812,False,0.0,,0,1.0,0.0,,False,0.0,,0,1.0,0.0,,1.958106076115156,0.0,1.0000000000000002,EUR->GBP->USD->EUR,2.220446049250313e-14,1.0000000000000002,EUR->JPY->GBP->USD->EUR,2.220446049250313e-14,Yahoo Finance daily closing rates,"Directed, 5-node, fully connected (20 edges/day)",0.02,0.1,Daily closing FX rates are mid-market consensus prices — triangularly consistent by construction (no exploitable arb at EOD),2.220446049250313e-14
2024-10-15,0.91666,0.76526,149.669998,1.38029,False,0.0,,0,1.0,0.0,,False,0.0,,0,1.0,0.0,,1.7581623557994652,0.0,1.0000000000000002,JPY->USD->GBP->JPY,2.220446049250313e-14,1.0000000000000002,USD->JPY->GBP->EUR->USD,2.220446049250313e-14,Yahoo Finance daily closing rates,"Directed, 5-node, fully connected (20 edges/day)",0.02,0.1,Daily closing FX rates are mid-market consensus prices — triangularly consistent by construction (no exploitable arb at EOD),2.220446049250313e-14
2024-10-16,0.91877,0.76535,149.098999,1.37811,False,0.0,,0,1.0,0.0,JPY -> USD -> EUR -> JPY,False,0.0,,0,1.0,0.0,JPY -> USD -> EUR -> JPY,1.4934493004058622,0.0,1.0000000000000002,EUR->JPY->GBP->EUR,2.220446049250313e-14,1.0000000000000004,GBP->CAD->EUR->USD->GBP,4.440892098500626e-14,Yahoo Finance daily closing rates,"Directed, 5-node, fully connected (20 edges/day)",0.02,0.1,Daily closing FX rates are mid-market consensus prices — triangularly consistent by construction (no exploitable arb at EOD),2.220446049250313e-14
2024-10-17,0.9206,0.76981,149.576004,1.3755,False,0.0,,0,1.0,0.0,,False,0.0,,0,1.0,0.0,,1.0666232841196388,0.0,1.0000000000000002,EUR->USD->CAD->EUR,2.220446049250313e-14,1.0000000000000002,EUR->USD->JPY->CAD->EUR,2.220446049250313e-14,Yahoo Finance daily closing rates,"Directed, 5-node, fully connected (20 edges/day)",0.02,0.1,Daily closing FX rates are mid-market consensus prices — triangularly consistent by construction (no exploitable arb at EOD),2.220446049250313e-14
2024-10-18,0.9234,0.7683,150.100006,1.37957,False,0.0,,0,1.0,0.0,,False,0.0,,0,1.0,0.0,,1.3503164898863869,0.0,1.0000000000000002,EUR->JPY->GBP->EUR,2.220446049250313e-14,1.0000000000000002,EUR->USD->JPY->GBP->EUR,2.220446049250313e-14,Yahoo Finance daily closing rates,"Directed, 5-node, fully connected (20 edges/day)",0.02,0.1,Daily closing FX rates are mid-market consensus prices — triangularly consistent by construction (no exploitable arb at EOD),2.220446049250313e-14
2024-10-21,0.92008,0.76613,149.600006,1.37996,False,0.0,,0,1.0,0.0,,False,0.0,,0,1.0,0.0,,4.216477485400479,0.0,1.0000000000000002,EUR->JPY->CAD->EUR,2.220446049250313e-14,1.0000000000000002,EUR->JPY->CAD->USD->EUR,2.220446049250313e-14,Yahoo Finance daily closing rates,"Directed, 5-node, fully connected (20 edges/day)",0.02,0.1,Daily closing FX rates are mid-market consensus prices — triangularly consistent by construction (no exploitable arb at EOD),2.220446049250313e-14
2024-10-22,0.9244,0.77024,150.604996,1.38335,False,0.0,,0,1.0,0.0,,False,0.0,,0,1.0,0.0,,4.972318746266436,0.0,1.0000000000000002,EUR->GBP->JPY->EUR,2.220446049250313e-14,1.0000000000000002,EUR->USD->GBP->JPY->EUR,2.220446049250313e-14,Yahoo Finance daily closing rates,"Directed, 5-node, fully connected (20 edges/day)",0.02,0.1,Daily closing FX rates are mid-market consensus prices — triangularly consistent by construction (no exploitable arb at EOD),2.220446049250313e-14
2024-10-23,0.92616,0.77025,151.138,1.38162,False,0.0,,0,1.0,0.0,,False,0.0,,0,1.0,0.0,,4.949187741460878,0.0,1.0000000000000002,GBP->CAD->JPY->GBP,2.220446049250313e-14,1.0000000000000002,GBP->USD->CAD->JPY->GBP,2.220446049250313e-14,Yahoo Finance daily closing rates,"Directed, 5-node, fully connected (20 edges/day)",0.02,0.1,Daily closing FX rates are mid-market consensus prices — triangularly consistent by construction (no exploitable arb at EOD),2.220446049250313e-14
2024-10-24,0.9276,0.77437,152.768997,1.38367,False,0.0,,0,1.0,0.0,,False,0.0,,0,1.0,0.0,,4.937341298753865,0.0,1.0000000000000002,USD->CAD->GBP->USD,2.220446049250313e-14,1.0000000000000002,USD->EUR->CAD->GBP->USD,2.220446049250313e-14,Yahoo Finance daily closing rates,"Directed, 5-node, fully connected (20 edges/day)",0.02,0.1,Daily closing FX rates are mid-market consensus prices — triangularly consistent by construction (no exploitable arb at EOD),2.220446049250313e-14
2024-10-25,0.92386,0.77081,151.783005,1.38533,False,0.0,,0,1.0,0.0,,False,0.0,,0,1.0,0.0,,6.004052995245976,0.0,1.0000000000000002,EUR->USD->JPY->EUR,2.220446049250313e-14,1.0000000000000002,EUR->USD->GBP->JPY->EUR,2.220446049250313e-14,Yahoo Finance daily closing rates,"Directed, 5-node, fully connected (20 edges/day)",0.02,0.1,Daily closing FX rates are mid-market consensus prices — triangularly consistent by construction (no exploitable arb at EOD),2.220446049250313e-14
2024-10-28,0.92622,0.77171,152.951996,1.38956,False,0.0,,0,1.0,0.0,,False,0.0,,0,1.0,0.0,,5.141315322252747,0.0,1.0000000000000002,GBP->CAD->USD->GBP,2.220446049250313e-14,1.0000000000000002,EUR->GBP->CAD->USD->EUR,2.220446049250313e-14,Yahoo Finance daily closing rates,"Directed, 5-node, fully connected (20 edges/day)",0.02,0.1,Daily closing FX rates are mid-market consensus prices — triangularly consistent by construction (no exploitable arb at EOD),2.220446049250313e-14
2024-10-29,0.92449,0.77073,153.179001,1.38898,False,0.0,,0,1.0,0.0,,False,0.0,,0,1.0,0.0,,4.514896740739452,0.0,1.0000000000000002,EUR->GBP->CAD->EUR,2.220446049250313e-14,1.0000000000000002,USD->CAD->EUR->GBP->USD,2.220446049250313e-14,Yahoo Finance daily closing rates,"Directed, 5-node, fully connected (20 edges/day)",0.02,0.1,Daily closing FX rates are mid-market consensus prices — triangularly consistent by construction (no exploitable arb at EOD),2.220446049250313e-14
2024-10-30,0.92416,0.7684,153.274002,1.39128,False,0.0,,0,1.0,0.0,,False,0.0,,0,1.0,0.0,,4.194943570423014,0.0,1.0000000000000002,EUR->GBP->USD->EUR,2.220446049250313e-14,1.0000000000000002,EUR->GBP->USD->JPY->EUR,2.220446049250313e-14,Yahoo Finance daily closing rates,"Directed, 5-node, fully connected (20 edges/day)",0.02,0.1,Daily closing FX rates are mid-market consensus prices — triangularly consistent by construction (no exploitable arb at EOD),2.220446049250313e-14
2024-10-31,0.92088,0.77163,153.203995,1.3908,False,0.0,,0,1.0,0.0,CAD -> USD -> EUR -> CAD,False,0.0,,0,1.0,0.0,CAD -> USD -> EUR -> CAD,4.238966093312777,0.0,1.0000000000000002,USD->CAD->EUR->USD,2.220446049250313e-14,1.0000000000000002,USD->GBP->CAD->EUR->USD,2.220446049250313e-14,Yahoo Finance daily closing rates,"Directed, 5-node, fully connected (20 edges/day)",0.02,0.1,Daily closing FX rates are mid-market consensus prices — triangularly consistent by construction (no exploitable arb at EOD),2.220446049250313e-14
2024-11-01,0.9186,0.77533,151.979996,1.39352,False,0.0,,0,1.0,0.0,,False,0.0,,0,1.0,0.0,,3.756421201515995,0.0,1.0,USD->EUR->GBP->USD,0.0,1.0000000000000002,EUR->GBP->USD->CAD->EUR,2.220446049250313e-14,Yahoo Finance daily closing rates,"Directed, 5-node, fully connected (20 edges/day)",0.02,0.1,Daily closing FX rates are mid-market consensus prices — triangularly consistent by construction (no exploitable arb at EOD),0.0
2024-11-04,0.91958,0.771998,152.287003,1.39188,False,0.0,,0,1.0,0.0,,False,0.0,,0,1.0,0.0,,2.8830342732386995,0.0,1.0000000000000002,USD->GBP->EUR->USD,2.220446049250313e-14,1.0000000000000002,USD->EUR->JPY->GBP->USD,2.220446049250313e-14,Yahoo Finance daily closing rates,"Directed, 5-node, fully connected (20 edges/day)",0.02,0.1,Daily closing FX rates are mid-market consensus prices — triangularly consistent by construction (no exploitable arb at EOD),2.220446049250313e-14
2024-11-05,0.91962,0.77193,152.276001,1.39007,False,0.0,,0,1.0,0.0,,False,0.0,,0,1.0,0.0,,3.019678549729539,0.0,1.0000000000000002,EUR->GBP->USD->EUR,2.220446049250313e-14,1.0000000000000002,USD->GBP->EUR->JPY->USD,2.220446049250313e-14,Yahoo Finance daily closing rates,"Directed, 5-node, fully connected (20 edges/day)",0.02,0.1,Daily closing FX rates are mid-market consensus prices — triangularly consistent by construction (no exploitable arb at EOD),2.220446049250313e-14
2024-11-06,0.91454,0.76666,151.434998,1.3833,False,0.0,,0,1.0,0.0,,False,0.0,,0,1.0,0.0,,4.252965854858447,0.0,1.0000000000000002,EUR->JPY->GBP->EUR,2.220446049250313e-14,1.0000000000000002,EUR->USD->JPY->GBP->EUR,2.220446049250313e-14,Yahoo Finance daily closing rates,"Directed, 5-node, fully connected (20 edges/day)",0.02,0.1,Daily closing FX rates are mid-market consensus prices — triangularly consistent by construction (no exploitable arb at EOD),2.220446049250313e-14
2024-11-07,0.9317,0.7762,154.320007,1.39482,False,0.0,,0,1.0,0.0,,False,0.0,,0,1.0,0.0,,14.981327775448513,0.0,1.0000000000000002,EUR->USD->GBP->EUR,2.220446049250313e-14,1.0000000000000002,EUR->USD->JPY->GBP->EUR,2.220446049250313e-14,Yahoo Finance daily closing rates,"Directed, 5-node, fully connected (20 edges/day)",0.02,0.1,Daily closing FX rates are mid-market consensus prices — triangularly consistent by construction (no exploitable arb at EOD),2.220446049250313e-14
2024-11-08,0.92634,0.77028,153.179993,1.38673,False,0.0,,0,1.0,0.0,,False,0.0,,0,1.0,0.0,,15.807017578713584,0.0,1.0000000000000002,USD->GBP->EUR->USD,2.220446049250313e-14,1.0000000000000002,USD->GBP->EUR->JPY->USD,2.220446049250313e-14,Yahoo Finance daily closing rates,"Directed, 5-node, fully connected (20 edges/day)",0.02,0.1,Daily closing FX rates are mid-market consensus prices — triangularly consistent by construction (no exploitable arb at EOD),2.220446049250313e-14
2024-11-11,0.93328,0.77417,152.904007,1.39078,False,0.0,,0,1.0,0.0,,False,0.0,,0,1.0,0.0,,16.29596359803029,0.0,1.0000000000000002,EUR->GBP->USD->EUR,2.220446049250313e-14,1.0000000000000002,EUR->GBP->USD->JPY->EUR,2.220446049250313e-14,Yahoo Finance daily closing rates,"Directed, 5-node, fully connected (20 edges/day)",0.02,0.1,Daily closing FX rates are mid-market consensus prices — triangularly consistent by construction (no exploitable arb at EOD),2.220446049250313e-14
2024-11-12,0.9377,0.7767,153.479996,1.39215,False,0.0,,0,1.0,0.0,,False,0.0,,0,1.0,0.0,,16.1063486928106,0.0,1.0,USD->EUR->GBP->USD,0.0,1.0000000000000002,GBP->JPY->EUR->USD->GBP,2.220446049250313e-14,Yahoo Finance daily closing rates,"Directed, 5-node, fully connected (20 edges/day)",0.02,0.1,Daily closing FX rates are mid-market consensus prices — triangularly consistent by construction (no exploitable arb at EOD),0.0
2024-11-13,0.94191,0.78498,154.654999,1.39455,False,0.0,,0,1.0,0.0,,False,0.0,,0,1.0,0.0,,13.817435471470866,0.0,1.0,USD->EUR->JPY->USD,0.0,1.0000000000000002,USD->CAD->EUR->JPY->USD,2.220446049250313e-14,Yahoo Finance daily closing rates,"Directed, 5-node, fully connected (20 edges/day)",0.02,0.1,Daily closing FX rates are mid-market consensus prices — triangularly consistent by construction (no exploitable arb at EOD),0.0
2024-11-14,0.9466,0.78698,155.429001,1.39927,False,0.0,,0,1.0,0.0,,False,0.0,,0,1.0,0.0,,8.160890454410819,0.0,1.0000000000000002,EUR->USD->CAD->EUR,2.220446049250313e-14,1.0000000000000002,EUR->USD->CAD->GBP->EUR,2.220446049250313e-14,Yahoo Finance daily closing rates,"Directed, 5-node, fully connected (20 edges/day)",0.02,0.1,Daily closing FX rates are mid-market consensus prices — triangularly consistent by construction (no exploitable arb at EOD),2.220446049250313e-14
2024-11-15,0.94966,0.7894,156.468002,1.40615,False,0.0,,0,1.0,0.0,,False,0.0,,0,1.0,0.0,,2.453731064146291,0.0,1.0000000000000002,GBP->CAD->EUR->GBP,2.220446049250313e-14,1.0000000000000002,EUR->GBP->CAD->USD->EUR,2.220446049250313e-14,Yahoo Finance daily closing rates,"Directed, 5-node, fully connected (20 edges/day)",0.02,0.1,Daily closing FX rates are mid-market consensus prices — triangularly consistent by construction (no exploitable arb at EOD),2.220446049250313e-14
2024-11-18,0.94933,0.79254,154.664001,1.40859,False,0.0,,0,1.0,0.0,,False,0.0,,0,1.0,0.0,,3.500440071272596,0.0,1.0000000000000002,EUR->GBP->JPY->EUR,2.220446049250313e-14,1.0000000000000002,EUR->USD->GBP->JPY->EUR,2.220446049250313e-14,Yahoo Finance daily closing rates,"Directed, 5-node, fully connected (20 edges/day)",0.02,0.1,Daily closing FX rates are mid-market consensus prices — triangularly consistent by construction (no exploitable arb at EOD),2.220446049250313e-14
2024-11-19,0.94385,0.78869,154.617004,1.40224,False,0.0,,0,1.0,0.0,,False,0.0,,0,1.0,0.0,,7.1100418864082515,0.0,1.0000000000000002,EUR->USD->JPY->EUR,2.220446049250313e-14,1.0000000000000002,EUR->USD->JPY->GBP->EUR,2.220446049250313e-14,Yahoo Finance daily closing rates,"Directed, 5-node, fully connected (20 edges/day)",0.02,0.1,Daily closing FX rates are mid-market consensus prices — triangularly consistent by construction (no exploitable arb at EOD),2.220446049250313e-14
2024-11-20,0.94272,0.78774,154.718002,1.3955,False,0.0,,0,1.0,0.0,,False,0.0,,0,1.0,0.0,,6.641222647017836,0.0,1.0000000000000002,USD->CAD->EUR->USD,2.220446049250313e-14,1.0000000000000002,USD->GBP->CAD->EUR->USD,2.220446049250313e-14,Yahoo Finance daily closing rates,"Directed, 5-node, fully connected (20 edges/day)",0.02,0.1,Daily closing FX rates are mid-market consensus prices — triangularly consistent by construction (no exploitable arb at EOD),2.220446049250313e-14
2024-11-21,0.94821,0.79018,155.294998,1.3968,False,0.0,,0,1.0,0.0,,False,0.0,,0,1.0,0.0,,7.038113379003337,0.0,1.0000000000000002,EUR->USD->CAD->EUR,2.220446049250313e-14,1.0000000000000002,USD->JPY->GBP->EUR->USD,2.220446049250313e-14,Yahoo Finance daily closing rates,"Directed, 5-node, fully connected (20 edges/day)",0.02,0.1,Daily closing FX rates are mid-market consensus prices — triangularly consistent by construction (no exploitable arb at EOD),2.220446049250313e-14
2024-11-22,0.95517,0.79461,154.218002,1.398,False,0.0,,0,1.0,0.0,USD -> CAD -> EUR -> JPY -> USD,False,0.0,,0,1.0,0.0,USD -> CAD -> EUR -> JPY -> USD,8.533172552585008,0.0,1.0000000000000002,USD->JPY->GBP->USD,2.220446049250313e-14,1.0000000000000004,EUR->JPY->GBP->USD->EUR,4.440892098500626e-14,Yahoo Finance daily closing rates,"Directed, 5-node, fully connected (20 edges/day)",0.02,0.1,Daily closing FX rates are mid-market consensus prices — triangularly consistent by construction (no exploitable arb at EOD),2.220446049250313e-14
2024-11-25,0.95421,0.79404,154.145996,1.39328,False,0.0,,0,1.0,0.0,,False,0.0,,0,1.0,0.0,,8.618626151518223,0.0,1.0000000000000002,USD->GBP->EUR->USD,2.220446049250313e-14,1.0000000000000004,EUR->USD->JPY->GBP->EUR,4.440892098500626e-14,Yahoo Finance daily closing rates,"Directed, 5-node, fully connected (20 edges/day)",0.02,0.1,Daily closing FX rates are mid-market consensus prices — triangularly consistent by construction (no exploitable arb at EOD),2.220446049250313e-14
2024-11-26,0.95746,0.79789,154.378006,1.40984,False,0.0,,0,1.0,0.0,CAD -> EUR -> GBP -> CAD,False,0.0,,0,1.0,0.0,CAD -> EUR -> GBP -> CAD,6.159245187645869,0.0,1.0000000000000002,USD->GBP->EUR->USD,2.220446049250313e-14,1.0000000000000002,USD->GBP->EUR->CAD->USD,2.220446049250313e-14,Yahoo Finance daily closing rates,"Directed, 5-node, fully connected (20 edges/day)",0.02,0.1,Daily closing FX rates are mid-market consensus prices — triangularly consistent by construction (no exploitable arb at EOD),2.220446049250313e-14
2024-11-27,0.95318,0.7953,153.009003,1.40531,False,0.0,,0,1.0,0.0,GBP -> EUR -> JPY -> GBP,False,0.0,,0,1.0,0.0,GBP -> EUR -> JPY -> GBP,7.756407896323482,0.0,1.0000000000000002,EUR->USD->JPY->EUR,2.220446049250313e-14,1.0000000000000004,GBP->CAD->EUR->JPY->GBP,4.440892098500626e-14,Yahoo Finance daily closing rates,"Directed, 5-node, fully connected (20 edges/day)",0.02,0.1,Daily closing FX rates are mid-market consensus prices — triangularly consistent by construction (no exploitable arb at EOD),2.220446049250313e-14
2024-11-28,0.94675,0.78879,151.335999,1.40263,False,0.0,,0,1.0,0.0,,False,0.0,,0,1.0,0.0,,9.100871605649834,0.0,1.0000000000000002,USD->GBP->EUR->USD,2.220446049250313e-14,1.0000000000000002,USD->EUR->JPY->GBP->USD,2.220446049250313e-14,Yahoo Finance daily closing rates,"Directed, 5-node, fully connected (20 edges/day)",0.02,0.1,Daily closing FX rates are mid-market consensus prices — triangularly consistent by construction (no exploitable arb at EOD),2.220446049250313e-14
2024-11-29,0.9467,0.7876,151.173996,1.40072,False,0.0,,0,1.0,0.0,,False,0.0,,0,1.0,0.0,,6.2797257400627675,0.0,1.0000000000000002,EUR->GBP->USD->EUR,2.220446049250313e-14,1.0000000000000002,EUR->GBP->USD->CAD->EUR,2.220446049250313e-14,Yahoo Finance daily closing rates,"Directed, 5-node, fully connected (20 edges/day)",0.02,0.1,Daily closing FX rates are mid-market consensus prices — triangularly consistent by construction (no exploitable arb at EOD),2.220446049250313e-14
2024-12-02,0.94831,0.7873,149.897995,1.40126,False,0.0,,0,1.0,0.0,,False,0.0,,0,1.0,0.0,,6.765071953410937,0.0,1.0000000000000002,USD->CAD->EUR->USD,2.220446049250313e-14,1.0000000000000002,USD->GBP->CAD->EUR->USD,2.220446049250313e-14,Yahoo Finance daily closing rates,"Directed, 5-node, fully connected (20 edges/day)",0.02,0.1,Daily closing FX rates are mid-market consensus prices — triangularly consistent by construction (no exploitable arb at EOD),2.220446049250313e-14
2024-12-03,0.95227,0.78998,149.507996,1.4043,False,0.0,,0,1.0,0.0,,False,0.0,,0,1.0,0.0,,7.109668679824699,0.0,1.0000000000000002,EUR->CAD->USD->EUR,2.220446049250313e-14,1.0000000000000002,EUR->GBP->CAD->USD->EUR,2.220446049250313e-14,Yahoo Finance daily closing rates,"Directed, 5-node, fully connected (20 edges/day)",0.02,0.1,Daily closing FX rates are mid-market consensus prices — triangularly consistent by construction (no exploitable arb at EOD),2.220446049250313e-14
2024-12-04,0.9514,0.789,149.647003,1.40659,False,0.0,,0,1.0,0.0,,False,0.0,,0,1.0,0.0,,6.45836815572481,0.0,1.0000000000000002,EUR->GBP->USD->EUR,2.220446049250313e-14,1.0000000000000002,EUR->GBP->USD->JPY->EUR,2.220446049250313e-14,Yahoo Finance daily closing rates,"Directed, 5-node, fully connected (20 edges/day)",0.02,0.1,Daily closing FX rates are mid-market consensus prices — triangularly consistent by construction (no exploitable arb at EOD),2.220446049250313e-14
2024-12-05,0.9511,0.78733,150.567001,1.40731,False,0.0,,0,1.0,0.0,,False,0.0,,0,1.0,0.0,,3.271388919189305,0.0,1.0000000000000002,EUR->USD->GBP->EUR,2.220446049250313e-14,1.0000000000000002,EUR->USD->GBP->JPY->EUR,2.220446049250313e-14,Yahoo Finance daily closing rates,"Directed, 5-node, fully connected (20 edges/day)",0.02,0.1,Daily closing FX rates are mid-market consensus prices — triangularly consistent by construction (no exploitable arb at EOD),2.220446049250313e-14
2024-12-06,0.94468,0.78374,150.207001,1.40215,False,0.0,,0,1.0,0.0,CAD -> EUR -> JPY -> CAD,False,0.0,,0,1.0,0.0,CAD -> EUR -> JPY -> CAD,6.4554762019522665,0.0,1.0000000000000002,EUR->JPY->CAD->EUR,2.220446049250313e-14,1.0000000000000002,EUR->USD->JPY->CAD->EUR,2.220446049250313e-14,Yahoo Finance daily closing rates,"Directed, 5-node, fully connected (20 edges/day)",0.02,0.1,Daily closing FX rates are mid-market consensus prices — triangularly consistent by construction (no exploitable arb at EOD),2.220446049250313e-14
2024-12-09,0.94648,0.784357,150.029999,1.41478,False,0.0,,0,1.0,0.0,,False,0.0,,0,1.0,0.0,,6.49937344007401,0.0,1.0000000000000002,EUR->USD->JPY->EUR,2.220446049250313e-14,1.0000000000000002,EUR->USD->GBP->JPY->EUR,2.220446049250313e-14,Yahoo Finance daily closing rates,"Directed, 5-node, fully connected (20 edges/day)",0.02,0.1,Daily closing FX rates are mid-market consensus prices — triangularly consistent by construction (no exploitable arb at EOD),2.220446049250313e-14
2024-12-10,0.9474,0.78437,151.408005,1.4172,False,0.0,,0,1.0,0.0,EUR -> JPY -> EUR,False,0.0,,0,1.0,0.0,EUR -> JPY -> EUR,5.390198856949088,0.0,1.0000000000000002,EUR->CAD->USD->EUR,2.220446049250313e-14,1.0000000000000002,EUR->GBP->CAD->USD->EUR,2.220446049250313e-14,Yahoo Finance daily closing rates,"Directed, 5-node, fully connected (20 edges/day)",0.02,0.1,Daily closing FX rates are mid-market consensus prices — triangularly consistent by construction (no exploitable arb at EOD),2.220446049250313e-14
2024-12-11,0.9494,0.78247,151.807007,1.41744,False,0.0,,0,1.0,0.0,,False,0.0,,0,1.0,0.0,,5.838145750592982,0.0,1.0000000000000002,EUR->GBP->USD->EUR,2.220446049250313e-14,1.0000000000000002,USD->GBP->EUR->JPY->USD,2.220446049250313e-14,Yahoo Finance daily closing rates,"Directed, 5-node, fully connected (20 edges/day)",0.02,0.1,Daily closing FX rates are mid-market consensus prices — triangularly consistent by construction (no exploitable arb at EOD),2.220446049250313e-14
2024-12-12,0.95176,0.78331,152.244995,1.41489,False,0.0,,0,1.0,0.0,,False,0.0,,0,1.0,0.0,,6.19691966315914,0.0,1.0000000000000002,GBP->CAD->EUR->GBP,2.220446049250313e-14,1.0000000000000002,EUR->USD->GBP->CAD->EUR,2.220446049250313e-14,Yahoo Finance daily closing rates,"Directed, 5-node, fully connected (20 edges/day)",0.02,0.1,Daily closing FX rates are mid-market consensus prices — triangularly consistent by construction (no exploitable arb at EOD),2.220446049250313e-14
2024-12-13,0.95474,0.78881,152.587006,1.42172,False,0.0,,0,1.0,0.0,,False,0.0,,0,1.0,0.0,,1.2574395260439246,0.0,1.0000000000000002,USD->CAD->EUR->USD,2.220446049250313e-14,1.0000000000000002,USD->GBP->CAD->EUR->USD,2.220446049250313e-14,Yahoo Finance daily closing rates,"Directed, 5-node, fully connected (20 edges/day)",0.02,0.1,Daily closing FX rates are mid-market consensus prices — triangularly consistent by construction (no exploitable arb at EOD),2.220446049250313e-14
2024-12-16,0.95147,0.79193,153.453003,1.42259,False,0.0,,0,1.0,0.0,,False,0.0,,0,1.0,0.0,,4.167524532130871,0.0,1.0000000000000002,JPY->EUR->CAD->JPY,2.220446049250313e-14,1.0000000000000002,GBP->EUR->CAD->USD->GBP,2.220446049250313e-14,Yahoo Finance daily closing rates,"Directed, 5-node, fully connected (20 edges/day)",0.02,0.1,Daily closing FX rates are mid-market consensus prices — triangularly consistent by construction (no exploitable arb at EOD),2.220446049250313e-14
2024-12-17,0.95081,0.788,154.085999,1.42347,False,0.0,,0,1.0,0.0,,False,0.0,,0,1.0,0.0,,4.3513607213093675,0.0,1.0000000000000002,JPY->GBP->CAD->JPY,2.220446049250313e-14,1.0000000000000002,GBP->EUR->USD->CAD->GBP,2.220446049250313e-14,Yahoo Finance daily closing rates,"Directed, 5-node, fully connected (20 edges/day)",0.02,0.1,Daily closing FX rates are mid-market consensus prices — triangularly consistent by construction (no exploitable arb at EOD),2.220446049250313e-14
2024-12-18,0.95283,0.78673,153.572006,1.43097,False,0.0,,0,1.0,0.0,CAD -> EUR -> JPY -> CAD,False,0.0,,0,1.0,0.0,CAD -> EUR -> JPY -> CAD,4.354074595266696,0.0,1.0000000000000002,USD->GBP->EUR->USD,2.220446049250313e-14,1.0000000000000002,USD->GBP->EUR->JPY->USD,2.220446049250313e-14,Yahoo Finance daily closing rates,"Directed, 5-node, fully connected (20 edges/day)",0.02,0.1,Daily closing FX rates are mid-market consensus prices — triangularly consistent by construction (no exploitable arb at EOD),2.220446049250313e-14
2024-12-19,0.96616,0.79569,154.673004,1.4461,False,0.0,,0,1.0,0.0,,False,0.0,,0,1.0,0.0,,10.4833056434726,0.0,1.0000000000000002,EUR->CAD->JPY->EUR,2.220446049250313e-14,1.0000000000000002,EUR->USD->CAD->JPY->EUR,2.220446049250313e-14,Yahoo Finance daily closing rates,"Directed, 5-node, fully connected (20 edges/day)",0.02,0.1,Daily closing FX rates are mid-market consensus prices — triangularly consistent by construction (no exploitable arb at EOD),2.220446049250313e-14
2024-12-20,0.96479,0.80013,157.643997,1.44031,False,0.0,,0,1.0,0.0,,False,0.0,,0,1.0,0.0,,10.936543947308996,0.0,1.0000000000000002,GBP->JPY->USD->GBP,2.220446049250313e-14,1.0000000000000002,EUR->GBP->JPY->USD->EUR,2.220446049250313e-14,Yahoo Finance daily closing rates,"Directed, 5-node, fully connected (20 edges/day)",0.02,0.1,Daily closing FX rates are mid-market consensus prices — triangularly consistent by construction (no exploitable arb at EOD),2.220446049250313e-14
2024-12-23,0.95849,0.79555,156.533005,1.43613,False,0.0,,0,1.0,0.0,,False,0.0,,0,1.0,0.0,,12.09293672983778,0.0,1.0000000000000002,EUR->JPY->USD->EUR,2.220446049250313e-14,1.0000000000000002,EUR->JPY->USD->GBP->EUR,2.220446049250313e-14,Yahoo Finance daily closing rates,"Directed, 5-node, fully connected (20 edges/day)",0.02,0.1,Daily closing FX rates are mid-market consensus prices — triangularly consistent by construction (no exploitable arb at EOD),2.220446049250313e-14
2024-12-24,0.961,0.7978,157.164993,1.43742,False,0.0,,0,1.0,0.0,EUR -> USD -> GBP -> EUR,False,0.0,,0,1.0,0.0,EUR -> USD -> GBP -> EUR,11.947171459788434,0.0,1.0000000000000002,USD->GBP->EUR->USD,2.220446049250313e-14,1.0000000000000002,USD->EUR->JPY->GBP->USD,2.220446049250313e-14,Yahoo Finance daily closing rates,"Directed, 5-node, fully connected (20 edges/day)",0.02,0.1,Daily closing FX rates are mid-market consensus prices — triangularly consistent by construction (no exploitable arb at EOD),2.220446049250313e-14
2024-12-25,0.9613,0.7977,157.106995,1.4362,False,0.0,,0,1.0,0.0,,False,0.0,,0,1.0,0.0,,12.017012713660463,0.0,1.0000000000000002,USD->GBP->EUR->USD,2.220446049250313e-14,1.0000000000000002,USD->JPY->GBP->EUR->USD,2.220446049250313e-14,Yahoo Finance daily closing rates,"Directed, 5-node, fully connected (20 edges/day)",0.02,0.1,Daily closing FX rates are mid-market consensus prices — triangularly consistent by construction (no exploitable arb at EOD),2.220446049250313e-14
2024-12-26,0.96158,0.79721,157.132996,1.43536,False,0.0,,0,1.0,0.0,,False,0.0,,0,1.0,0.0,,5.466901376941378,0.0,1.0000000000000002,JPY->EUR->GBP->JPY,2.220446049250313e-14,1.0000000000000002,EUR->CAD->GBP->USD->EUR,2.220446049250313e-14,Yahoo Finance daily closing rates,"Directed, 5-node, fully connected (20 edges/day)",0.02,0.1,Daily closing FX rates are mid-market consensus prices — triangularly consistent by construction (no exploitable arb at EOD),2.220446049250313e-14
2024-12-27,0.9594,0.7981,157.748001,1.44104,False,0.0,,0,1.0,0.0,,False,0.0,,0,1.0,0.0,,5.545635228430398,0.0,1.0000000000000002,EUR->GBP->USD->EUR,2.220446049250313e-14,1.0000000000000002,EUR->GBP->USD->JPY->EUR,2.220446049250313e-14,Yahoo Finance daily closing rates,"Directed, 5-node, fully connected (20 edges/day)",0.02,0.1,Daily closing FX rates are mid-market consensus prices — triangularly consistent by construction (no exploitable arb at EOD),2.220446049250313e-14
2024-12-30,0.95883,0.794988,157.873001,1.44034,False,0.0,,0,1.0,0.0,,False,0.0,,0,1.0,0.0,,2.8063985878179487,0.0,1.0000000000000002,GBP->USD->EUR->GBP,2.220446049250313e-14,1.0000000000000002,GBP->USD->EUR->JPY->GBP,2.220446049250313e-14,Yahoo Finance daily closing rates,"Directed, 5-node, fully connected (20 edges/day)",0.02,0.1,Daily closing FX rates are mid-market consensus prices — triangularly consistent by construction (no exploitable arb at EOD),2.220446049250313e-14
